Date,Message
2014-03-31T13:30:00.000-00:00,"date,close,ema10,ema55,ema200,dist_p10,dist_p55,dist_p200,slope10,slope55,slope200,dist_10_55,dist_55_200,ratio_armonico"
2014-03-31T13:30:00.000-00:00,"2014-03-31 13:30,357.65,NaN,NaN,NaN,NaN,NaN,NaN,NaN,NaN,NaN,NaN,NaN,NaN"
2014-04-07T13:30:00.000-00:00,"2014-04-07 13:30,355.612,NaN,NaN,NaN,NaN,NaN,NaN,NaN,NaN,NaN,NaN,NaN,NaN"
2014-04-14T13:30:00.000-00:00,"2014-04-14 13:30,362.612,NaN,NaN,NaN,NaN,NaN,NaN,NaN,NaN,NaN,NaN,NaN,NaN"
2014-04-21T13:30:00.000-00:00,"2014-04-21 13:30,343.1,NaN,NaN,NaN,NaN,NaN,NaN,NaN,NaN,NaN,NaN,NaN,NaN"
2014-04-28T13:30:00.000-00:00,"2014-04-28 13:30,348.472,NaN,NaN,NaN,NaN,NaN,NaN,NaN,NaN,NaN,NaN,NaN,NaN"
2014-05-05T13:30:00.000-00:00,"2014-05-05 13:30,340.25,NaN,NaN,NaN,NaN,NaN,NaN,NaN,NaN,NaN,NaN,NaN,NaN"
2014-05-12T13:30:00.000-00:00,"2014-05-12 13:30,339.25,NaN,NaN,NaN,NaN,NaN,NaN,NaN,NaN,NaN,NaN,NaN,NaN"
2014-05-19T13:30:00.000-00:00,"2014-05-19 13:30,362.45,NaN,NaN,NaN,NaN,NaN,NaN,NaN,NaN,NaN,NaN,NaN,NaN"
2014-05-26T13:30:00.000-00:00,"2014-05-26 13:30,365.275,NaN,NaN,NaN,NaN,NaN,NaN,NaN,NaN,NaN,NaN,NaN,NaN"
2014-06-02T13:30:00.000-00:00,"2014-06-02 13:30,365,353.967,NaN,NaN,3.117,NaN,NaN,NaN,NaN,NaN,NaN,NaN,NaN"
2014-06-09T13:30:00.000-00:00,"2014-06-09 13:30,361.75,355.382,NaN,NaN,1.792,NaN,NaN,NaN,NaN,NaN,NaN,NaN,NaN"
2014-06-16T13:30:00.000-00:00,"2014-06-16 13:30,365.85,357.285,NaN,NaN,2.397,NaN,NaN,NaN,NaN,NaN,NaN,NaN,NaN"
2014-06-23T13:30:00.000-00:00,"2014-06-23 13:30,380.5,361.506,NaN,NaN,5.254,NaN,NaN,NaN,NaN,NaN,NaN,NaN,NaN"
2014-06-30T13:30:00.000-00:00,"2014-06-30 13:30,385.2,365.814,NaN,NaN,5.299,NaN,NaN,NaN,NaN,NaN,NaN,NaN,NaN"
2014-07-07T13:30:00.000-00:00,"2014-07-07 13:30,381.47,368.661,NaN,NaN,3.475,NaN,NaN,4.151,NaN,NaN,NaN,NaN,NaN"
2014-07-14T13:30:00.000-00:00,"2014-07-14 13:30,384.8,371.595,NaN,NaN,3.554,NaN,NaN,4.562,NaN,NaN,NaN,NaN,NaN"
2014-07-21T13:30:00.000-00:00,"2014-07-21 13:30,387.242,374.44,NaN,NaN,3.419,NaN,NaN,4.801,NaN,NaN,NaN,NaN,NaN"
2014-07-28T13:30:00.000-00:00,"2014-07-28 13:30,379.25,375.315,NaN,NaN,1.049,NaN,NaN,3.82,NaN,NaN,NaN,NaN,NaN"
2014-08-04T13:30:00.000-00:00,"2014-08-04 13:30,380.5,376.257,NaN,NaN,1.128,NaN,NaN,2.855,NaN,NaN,NaN,NaN,NaN"
2014-08-11T13:30:00.000-00:00,"2014-08-11 13:30,380.539,377.036,NaN,NaN,0.929,NaN,NaN,2.272,NaN,NaN,NaN,NaN,NaN"
2014-08-18T13:30:00.000-00:00,"2014-08-18 13:30,400,381.211,NaN,NaN,4.929,NaN,NaN,2.588,NaN,NaN,NaN,NaN,NaN"
2014-08-25T13:30:00.000-00:00,"2014-08-25 13:30,379.2,380.846,NaN,NaN,-0.432,NaN,NaN,1.711,NaN,NaN,NaN,NaN,NaN"
2014-09-01T13:30:00.000-00:00,"2014-09-01 13:30,388.75,382.283,NaN,NaN,1.692,NaN,NaN,1.857,NaN,NaN,NaN,NaN,NaN"
2014-09-08T13:30:00.000-00:00,"2014-09-08 13:30,387.522,383.235,NaN,NaN,1.119,NaN,NaN,1.855,NaN,NaN,NaN,NaN,NaN"
2014-09-15T13:30:00.000-00:00,"2014-09-15 13:30,399.3,386.156,NaN,NaN,3.404,NaN,NaN,2.419,NaN,NaN,NaN,NaN,NaN"
2014-09-22T13:30:00.000-00:00,"2014-09-22 13:30,395.65,387.882,NaN,NaN,2.003,NaN,NaN,1.75,NaN,NaN,NaN,NaN,NaN"
2014-09-29T13:30:00.000-00:00,"2014-09-29 13:30,396.1,389.376,NaN,NaN,1.727,NaN,NaN,2.24,NaN,NaN,NaN,NaN,NaN"
2014-10-06T13:30:00.000-00:00,"2014-10-06 13:30,375.85,386.917,NaN,NaN,-2.86,NaN,NaN,1.212,NaN,NaN,NaN,NaN,NaN"
2014-10-13T13:30:00.000-00:00,"2014-10-13 13:30,351.5,380.478,NaN,NaN,-7.616,NaN,NaN,-0.72,NaN,NaN,NaN,NaN,NaN"
2014-10-20T13:30:00.000-00:00,"2014-10-20 13:30,376.9,379.827,NaN,NaN,-0.771,NaN,NaN,-1.639,NaN,NaN,NaN,NaN,NaN"
2014-10-27T13:30:00.000-00:00,"2014-10-27 13:30,375.763,379.088,NaN,NaN,-0.877,NaN,NaN,-2.267,NaN,NaN,NaN,NaN,NaN"
2014-11-03T14:30:00.000-00:00,"2014-11-03 14:30,376.5,378.618,NaN,NaN,-0.559,NaN,NaN,-2.763,NaN,NaN,NaN,NaN,NaN"
2014-11-10T14:30:00.000-00:00,"2014-11-10 14:30,375,377.96,NaN,NaN,-0.783,NaN,NaN,-2.315,NaN,NaN,NaN,NaN,NaN"
2014-11-18T14:30:00.000-00:00,"2014-11-18 14:30,372.05,376.885,NaN,NaN,-1.283,NaN,NaN,-0.944,NaN,NaN,NaN,NaN,NaN"
2014-11-24T14:30:00.000-00:00,"2014-11-24 14:30,381.6,377.743,NaN,NaN,1.021,NaN,NaN,-0.549,NaN,NaN,NaN,NaN,NaN"
2014-12-01T14:30:00.000-00:00,"2014-12-01 14:30,382.4,378.589,NaN,NaN,1.007,NaN,NaN,-0.132,NaN,NaN,NaN,NaN,NaN"
2014-12-08T14:30:00.000-00:00,"2014-12-08 14:30,393.425,381.287,NaN,NaN,3.184,NaN,NaN,0.705,NaN,NaN,NaN,NaN,NaN"
2014-12-15T14:30:00.000-00:00,"2014-12-15 14:30,378.45,380.771,NaN,NaN,-0.61,NaN,NaN,0.744,NaN,NaN,NaN,NaN,NaN"
2014-12-22T14:30:00.000-00:00,"2014-12-22 14:30,399,384.085,NaN,NaN,3.883,NaN,NaN,1.91,NaN,NaN,NaN,NaN,NaN"
2014-12-29T14:30:00.000-00:00,"2014-12-29 14:30,391.339,385.404,NaN,NaN,1.54,NaN,NaN,2.028,NaN,NaN,NaN,NaN,NaN"
2015-01-05T14:30:00.000-00:00,"2015-01-05 14:30,364.256,381.559,NaN,NaN,-4.535,NaN,NaN,0.784,NaN,NaN,NaN,NaN,NaN"
2015-01-12T14:30:00.000-00:00,"2015-01-12 14:30,369.575,379.38,NaN,NaN,-2.585,NaN,NaN,-0.5,NaN,NaN,NaN,NaN,NaN"
2015-01-19T14:30:00.000-00:00,"2015-01-19 14:30,395.9,382.384,NaN,NaN,3.535,NaN,NaN,0.424,NaN,NaN,NaN,NaN,NaN"
2015-01-26T14:30:00.000-00:00,"2015-01-26 14:30,402,385.95,NaN,NaN,4.158,NaN,NaN,0.486,NaN,NaN,NaN,NaN,NaN"
2015-02-03T14:30:00.000-00:00,"2015-02-03 14:30,394.4,387.487,NaN,NaN,1.784,NaN,NaN,0.54,NaN,NaN,NaN,NaN,NaN"
2015-02-09T14:30:00.000-00:00,"2015-02-09 14:30,410,391.58,NaN,NaN,4.704,NaN,NaN,2.626,NaN,NaN,NaN,NaN,NaN"
2015-02-16T14:30:00.000-00:00,"2015-02-16 14:30,407.6,394.493,NaN,NaN,3.323,NaN,NaN,3.983,NaN,NaN,NaN,NaN,NaN"
2015-02-23T14:30:00.000-00:00,"2015-02-23 14:30,419,398.949,NaN,NaN,5.026,NaN,NaN,4.332,NaN,NaN,NaN,NaN,NaN"
2015-03-02T14:30:00.000-00:00,"2015-03-02 14:30,444.6,407.249,NaN,NaN,9.172,NaN,NaN,5.518,NaN,NaN,NaN,NaN,NaN"
2015-03-09T13:30:00.000-00:00,"2015-03-09 13:30,426.698,410.785,NaN,NaN,3.874,NaN,NaN,6.013,NaN,NaN,NaN,NaN,NaN"
2015-03-17T13:30:00.000-00:00,"2015-03-17 13:30,425.021,413.373,NaN,NaN,2.818,NaN,NaN,5.565,NaN,NaN,NaN,NaN,NaN"
2015-03-23T13:30:00.000-00:00,"2015-03-23 13:30,425.375,415.555,NaN,NaN,2.363,NaN,NaN,5.339,NaN,NaN,NaN,NaN,NaN"
2015-03-30T13:30:00.000-00:00,"2015-03-30 13:30,414.07,415.285,NaN,NaN,-0.293,NaN,NaN,4.095,NaN,NaN,NaN,NaN,NaN"
2015-04-06T13:30:00.000-00:00,"2015-04-06 13:30,419,415.961,NaN,NaN,0.731,NaN,NaN,2.139,NaN,NaN,NaN,NaN,NaN"
2015-04-13T13:30:00.000-00:00,"2015-04-13 13:30,408,414.513,384.156,NaN,-1.571,6.207,NaN,0.908,NaN,NaN,7.902,NaN,NaN"
2015-04-20T13:30:00.000-00:00,"2015-04-20 13:30,441.5,419.42,386.204,NaN,5.264,14.318,NaN,1.463,NaN,NaN,8.601,NaN,NaN"
2015-04-27T13:30:00.000-00:00,"2015-04-27 13:30,418.4,419.235,387.354,NaN,-0.199,8.015,NaN,0.885,NaN,NaN,8.23,NaN,NaN"
2015-05-04T13:30:00.000-00:00,"2015-05-04 13:30,416.205,418.684,388.384,NaN,-0.592,7.163,NaN,0.818,NaN,NaN,7.801,NaN,NaN"
2015-05-11T13:30:00.000-00:00,"2015-05-11 13:30,409.85,417.078,389.151,NaN,-1.733,5.319,NaN,0.268,NaN,NaN,7.176,NaN,NaN"
2015-05-18T13:30:00.000-00:00,"2015-05-18 13:30,424,418.336,390.395,NaN,1.354,8.608,NaN,0.922,1.624,NaN,7.157,NaN,NaN"
2015-05-25T13:30:00.000-00:00,"2015-05-25 13:30,421.436,418.9,391.504,NaN,0.605,7.645,NaN,-0.124,1.372,NaN,6.998,NaN,NaN"
2015-06-01T13:30:00.000-00:00,"2015-06-01 13:30,433.95,421.636,393.02,NaN,2.92,10.414,NaN,0.573,1.463,NaN,7.281,NaN,NaN"
2015-06-08T13:30:00.000-00:00,"2015-06-08 13:30,422.5,421.793,394.073,NaN,0.168,7.214,NaN,0.743,1.465,NaN,7.034,NaN,NaN"
2015-06-15T13:30:00.000-00:00,"2015-06-15 13:30,426.4,422.631,395.227,NaN,0.892,7.887,NaN,1.331,1.561,NaN,6.934,NaN,NaN"
2015-06-22T13:30:00.000-00:00,"2015-06-22 13:30,429.865,423.946,396.464,NaN,1.396,8.425,NaN,1.341,1.555,NaN,6.932,NaN,NaN"
2015-06-29T13:30:00.000-00:00,"2015-06-29 13:30,427.893,424.664,397.587,NaN,0.76,7.623,NaN,1.376,1.554,NaN,6.81,NaN,NaN"
2015-07-06T13:30:00.000-00:00,"2015-07-06 13:30,431.5,425.907,398.798,NaN,1.313,8.2,NaN,1.013,1.47,NaN,6.798,NaN,NaN"
2015-07-13T13:30:00.000-00:00,"2015-07-13 13:30,556.369,449.627,404.425,NaN,23.74,37.57,NaN,6.599,2.627,NaN,11.177,NaN,NaN"
2015-07-20T13:30:00.000-00:00,"2015-07-20 13:30,535.182,465.183,409.095,NaN,15.048,30.821,NaN,10.068,3.509,NaN,13.71,NaN,NaN"
2015-07-27T13:30:00.000-00:00,"2015-07-27 13:30,531.6,477.258,413.471,NaN,11.386,28.57,NaN,12.575,4.289,NaN,15.427,NaN,NaN"
2015-08-03T13:30:00.000-00:00,"2015-08-03 13:30,537.025,488.125,417.883,NaN,10.018,28.511,NaN,14.944,5.105,NaN,16.809,NaN,NaN"
2015-08-10T13:30:00.000-00:00,"2015-08-10 13:30,566.8,502.43,423.202,NaN,12.812,33.931,NaN,17.967,6.119,NaN,18.721,NaN,NaN"
2015-08-17T13:30:00.000-00:00,"2015-08-17 13:30,552.695,511.569,427.826,NaN,8.039,29.187,NaN,13.776,5.786,NaN,19.574,NaN,NaN"
2015-08-24T13:30:00.000-00:00,"2015-08-24 13:30,550,518.556,432.19,NaN,6.064,27.259,NaN,11.474,5.645,NaN,19.983,NaN,NaN"
2015-08-31T13:30:00.000-00:00,"2015-08-31 13:30,532.299,521.055,435.765,NaN,2.158,22.153,NaN,9.177,5.392,NaN,19.572,NaN,NaN"
2015-09-07T13:30:00.000-00:00,"2015-09-07 13:30,550,526.318,439.845,NaN,4.5,25.044,NaN,7.824,5.255,NaN,19.66,NaN,NaN"
2015-09-14T13:30:00.000-00:00,"2015-09-14 13:30,551.3,530.86,443.825,NaN,3.85,24.216,NaN,5.659,4.873,NaN,19.61,NaN,NaN"
2015-09-21T13:30:00.000-00:00,"2015-09-21 13:30,553.15,534.913,447.73,NaN,3.409,23.545,NaN,4.563,4.652,NaN,19.472,NaN,NaN"
2015-09-28T13:30:00.000-00:00,"2015-09-28 13:30,550.75,537.792,451.409,NaN,2.409,22.007,NaN,3.71,4.447,NaN,19.136,NaN,NaN"
2015-10-05T13:30:00.000-00:00,"2015-10-05 13:30,550.412,540.087,454.945,NaN,1.912,20.984,NaN,3.653,4.401,NaN,18.715,NaN,NaN"
2015-10-12T13:30:00.000-00:00,"2015-10-12 13:30,568.679,545.285,459.007,NaN,4.29,23.893,NaN,3.604,4.357,NaN,18.797,NaN,NaN"
2015-10-19T13:30:00.000-00:00,"2015-10-19 13:30,599.304,555.107,464.017,NaN,7.962,29.155,NaN,4.567,4.55,NaN,19.631,NaN,NaN"
2015-10-26T13:30:00.000-00:00,"2015-10-26 13:30,610.1,565.105,469.235,NaN,7.962,30.02,NaN,5.644,4.803,NaN,20.431,NaN,NaN"
2015-11-03T14:30:00.000-00:00,"2015-11-03 14:30,638.7,578.486,475.287,NaN,10.409,34.382,NaN,7.567,5.29,NaN,21.713,NaN,NaN"
2015-11-09T14:30:00.000-00:00,"2015-11-09 14:30,621.65,586.334,480.514,NaN,6.023,29.372,NaN,8.563,5.62,NaN,22.022,NaN,NaN"
2015-11-17T14:30:00.000-00:00,"2015-11-17 14:30,641.05,596.283,486.248,NaN,7.508,31.836,NaN,9.352,5.935,NaN,22.629,NaN,NaN"
2015-11-23T14:30:00.000-00:00,"2015-11-23 14:30,641.75,604.549,491.801,NaN,6.153,30.49,NaN,8.907,5.988,NaN,22.926,NaN,NaN"
2015-11-30T14:30:00.000-00:00,"2015-11-30 14:30,649.362,612.697,497.429,NaN,5.984,30.544,NaN,8.422,6.008,NaN,23.173,NaN,NaN"
2015-12-07T14:30:00.000-00:00,"2015-12-07 14:30,651.75,619.798,502.94,NaN,5.155,29.588,NaN,7.141,5.818,NaN,23.235,NaN,NaN"
2015-12-14T14:30:00.000-00:00,"2015-12-14 14:30,645.651,624.498,508.037,NaN,3.387,27.087,NaN,6.509,5.728,NaN,22.924,NaN,NaN"
2015-12-21T14:30:00.000-00:00,"2015-12-21 14:30,660,630.953,513.464,NaN,4.604,28.539,NaN,5.814,5.597,NaN,22.882,NaN,NaN"
2015-12-28T14:30:00.000-00:00,"2015-12-28 14:30,675.45,639.043,519.249,NaN,5.697,30.082,NaN,5.706,5.581,NaN,23.071,NaN,NaN"
2016-01-04T14:30:00.000-00:00,"2016-01-04 14:30,654.765,641.902,524.089,NaN,2.004,24.934,NaN,4.767,5.36,NaN,22.48,NaN,NaN"
2016-01-11T14:30:00.000-00:00,"2016-01-11 14:30,642.75,642.056,528.327,NaN,0.108,21.658,NaN,3.591,5.048,NaN,21.526,NaN,NaN"
2016-01-18T14:30:00.000-00:00,"2016-01-18 14:30,688,650.41,534.03,NaN,5.78,28.832,NaN,4.149,5.116,NaN,21.793,NaN,NaN"
2016-01-25T14:30:00.000-00:00,"2016-01-25 14:30,690.911,657.773,539.633,NaN,5.038,28.034,NaN,4.251,5.096,NaN,21.893,NaN,NaN"
2016-02-02T14:30:00.000-00:00,"2016-02-02 14:30,651.569,656.645,543.63,NaN,-0.773,19.855,NaN,2.754,4.695,NaN,20.789,NaN,NaN"
2016-02-08T14:30:00.000-00:00,"2016-02-08 14:30,668.25,658.755,548.081,NaN,1.441,21.925,NaN,2.626,4.578,NaN,20.193,NaN,NaN"
2016-02-15T14:30:00.000-00:00,"2016-02-15 14:30,658.15,658.645,552.012,NaN,-0.075,19.227,NaN,2.584,4.483,NaN,19.317,NaN,NaN"
2016-02-22T14:30:00.000-00:00,"2016-02-22 14:30,659.25,658.755,555.842,NaN,0.075,18.604,NaN,1.283,4.084,NaN,18.515,NaN,NaN"
2016-02-29T14:30:00.000-00:00,"2016-02-29 14:30,649,656.981,559.169,NaN,-1.215,16.065,NaN,-0.12,3.62,NaN,17.492,NaN,NaN"
2016-03-07T14:30:00.000-00:00,"2016-03-07 14:30,656.75,656.939,562.654,NaN,-0.029,16.724,NaN,0.045,3.499,NaN,16.757,NaN,NaN"
2016-03-14T13:30:00.000-00:00,"2016-03-14 13:30,656.08,656.783,565.991,NaN,-0.107,15.917,NaN,-0.299,3.268,NaN,16.041,NaN,NaN"
2016-03-22T13:30:00.000-00:00,"2016-03-22 13:30,666.84,658.612,569.592,NaN,1.249,17.073,NaN,-0.005,3.185,NaN,15.629,NaN,NaN"
2016-03-28T13:30:00.000-00:00,"2016-03-28 13:30,667.8,660.282,573.1,NaN,1.139,16.524,NaN,0.232,3.105,NaN,15.212,NaN,NaN"
2016-04-04T13:30:00.000-00:00,"2016-04-04 13:30,675,662.958,576.739,NaN,1.816,17.037,NaN,0.91,3.142,NaN,14.949,NaN,NaN"
2016-04-11T13:30:00.000-00:00,"2016-04-11 13:30,685,666.966,580.606,NaN,2.704,17.98,NaN,1.526,3.191,NaN,14.874,NaN,NaN"
2016-04-18T13:30:00.000-00:00,"2016-04-18 13:30,644.368,662.857,582.883,NaN,-2.789,10.548,NaN,0.925,2.985,NaN,13.72,NaN,NaN"
2016-04-25T13:30:00.000-00:00,"2016-04-25 13:30,606.958,652.694,583.743,NaN,-7.007,3.977,NaN,-0.899,2.484,NaN,11.812,NaN,NaN"
2016-05-02T13:30:00.000-00:00,"2016-05-02 13:30,646.75,651.613,585.993,NaN,-0.746,10.368,NaN,-1.313,2.25,NaN,11.198,NaN,NaN"
2016-05-09T13:30:00.000-00:00,"2016-05-09 13:30,659.45,653.038,588.616,NaN,0.982,12.034,NaN,-1.496,2.059,NaN,10.945,NaN,NaN"
2016-05-16T13:30:00.000-00:00,"2016-05-16 13:30,662.659,654.787,591.261,NaN,1.202,12.076,NaN,-1.826,1.835,NaN,10.744,NaN,NaN"
2016-05-23T13:30:00.000-00:00,"2016-05-23 13:30,689.446,661.089,594.767,NaN,4.289,15.919,NaN,-0.267,2.039,NaN,11.151,NaN,NaN"
2016-05-30T13:30:00.000-00:00,"2016-05-30 13:30,685.25,665.482,597.999,NaN,2.971,14.591,NaN,1.959,2.442,NaN,11.285,NaN,NaN"
2016-06-06T13:30:00.000-00:00,"2016-06-06 13:30,682.3,668.539,601.01,NaN,2.058,13.526,NaN,2.598,2.563,NaN,11.236,NaN,NaN"
2016-06-13T13:30:00.000-00:00,"2016-06-13 13:30,662.7,667.478,603.213,NaN,-0.716,9.862,NaN,2.211,2.48,NaN,10.654,NaN,NaN"
2016-06-20T13:30:00.000-00:00,"2016-06-20 13:30,650,664.3,604.884,NaN,-2.153,7.459,NaN,1.453,2.304,NaN,9.823,NaN,NaN"
2016-06-27T13:30:00.000-00:00,"2016-06-27 13:30,653.1,662.264,606.606,NaN,-1.384,7.665,NaN,0.178,1.99,NaN,9.175,NaN,NaN"
2016-07-04T13:30:00.000-00:00,"2016-07-04 13:30,662.003,662.216,608.584,NaN,-0.032,8.777,NaN,-0.491,1.77,NaN,8.813,NaN,NaN"
2016-07-11T13:30:00.000-00:00,"2016-07-11 13:30,679.15,665.295,611.104,NaN,2.083,11.135,NaN,-0.485,1.68,NaN,8.868,NaN,NaN"
2016-07-18T13:30:00.000-00:00,"2016-07-18 13:30,702.65,672.087,614.374,NaN,4.548,14.368,NaN,0.691,1.85,NaN,9.394,NaN,NaN"
2016-07-25T13:30:00.000-00:00,"2016-07-25 13:30,745.479,685.431,619.056,NaN,8.761,20.422,NaN,3.181,2.343,NaN,10.722,NaN,NaN"
2016-08-01T13:30:00.000-00:00,"2016-08-01 13:30,754.982,698.077,623.911,NaN,8.152,21.008,NaN,5.408,2.853,NaN,11.887,NaN,NaN"
2016-08-08T13:30:00.000-00:00,"2016-08-08 13:30,736.106,704.991,627.918,NaN,4.413,17.23,NaN,6.459,3.177,NaN,12.274,NaN,NaN"
2016-08-15T13:30:00.000-00:00,"2016-08-15 13:30,729.75,709.493,631.555,NaN,2.855,15.548,NaN,6.643,3.346,NaN,12.341,NaN,NaN"
2016-08-22T13:30:00.000-00:00,"2016-08-22 13:30,735.14,714.156,635.254,NaN,2.938,15.724,NaN,6.259,3.399,NaN,12.42,NaN,NaN"
2016-08-29T13:30:00.000-00:00,"2016-08-29 13:30,741.16,719.066,639.036,NaN,3.073,15.981,NaN,4.907,3.228,NaN,12.523,NaN,NaN"
2016-09-05T13:30:00.000-00:00,"2016-09-05 13:30,746.195,723.998,642.864,NaN,3.066,16.074,NaN,3.713,3.038,NaN,12.621,NaN,NaN"
2016-09-12T13:30:00.000-00:00,"2016-09-12 13:30,774.6,733.199,647.568,NaN,5.647,19.617,NaN,4.001,3.129,NaN,13.223,NaN,NaN"
2016-09-19T13:30:00.000-00:00,"2016-09-19 13:30,808.531,746.895,653.317,NaN,8.252,23.758,NaN,5.272,3.446,NaN,14.324,NaN,NaN"
2016-09-26T13:30:00.000-00:00,"2016-09-26 13:30,780.9,753.078,657.874,NaN,3.694,18.701,NaN,5.45,3.561,NaN,14.472,NaN,NaN"
2016-10-03T13:30:00.000-00:00,"2016-10-03 13:30,771.25,756.382,661.923,NaN,1.966,16.517,NaN,5.19,3.581,NaN,14.27,NaN,NaN"
2016-10-10T13:30:00.000-00:00,"2016-10-10 13:30,764.725,757.899,665.594,NaN,0.901,14.894,NaN,4.682,3.536,NaN,13.868,NaN,NaN"
2016-10-17T13:30:00.000-00:00,"2016-10-17 13:30,765.075,759.204,669.147,NaN,0.773,14.336,NaN,3.547,3.332,NaN,13.458,NaN,NaN"
2016-10-24T13:30:00.000-00:00,"2016-10-24 13:30,782.9,763.512,673.21,NaN,2.539,16.294,NaN,2.225,3.045,NaN,13.414,NaN,NaN"
2016-10-31T13:30:00.000-00:00,"2016-10-31 13:30,746.19,760.363,675.816,NaN,-1.864,10.413,NaN,0.967,2.727,NaN,12.51,NaN,NaN"
2016-11-07T14:30:00.000-00:00,"2016-11-07 14:30,798.221,767.246,680.188,NaN,4.037,17.353,NaN,1.436,2.759,NaN,12.799,NaN,NaN"
2016-11-14T14:30:00.000-00:00,"2016-11-14 14:30,803.1,773.765,684.577,NaN,3.791,17.313,NaN,2.093,2.852,NaN,13.028,NaN,NaN"
2016-11-22T14:30:00.000-00:00,"2016-11-22 14:30,804,779.262,688.843,NaN,3.175,16.718,NaN,2.642,2.943,NaN,13.126,NaN,NaN"
2016-11-28T14:30:00.000-00:00,"2016-11-28 14:30,788.25,780.896,692.393,NaN,0.942,13.844,NaN,2.277,2.85,NaN,12.782,NaN,NaN"
2016-12-05T14:30:00.000-00:00,"2016-12-05 14:30,824.75,788.87,697.12,NaN,4.548,18.308,NaN,3.749,3.152,NaN,13.161,NaN,NaN"
2016-12-13T14:30:00.000-00:00,"2016-12-13 14:30,828.594,796.092,701.815,NaN,4.083,18.064,NaN,3.76,3.18,NaN,13.433,NaN,NaN"
2016-12-19T14:30:00.000-00:00,"2016-12-19 14:30,832.5,802.712,706.483,NaN,3.711,17.837,NaN,3.741,3.2,NaN,13.621,NaN,NaN"
2016-12-26T14:30:00.000-00:00,"2016-12-26 14:30,817,805.31,710.43,NaN,1.452,15.001,NaN,3.343,3.134,NaN,13.355,NaN,NaN"
2017-01-03T14:30:00.000-00:00,"2017-01-03 14:30,879.4,818.781,716.464,NaN,7.404,22.742,NaN,4.851,3.477,NaN,14.281,NaN,NaN"
2017-01-09T14:30:00.000-00:00,"2017-01-09 14:30,895.6,832.748,722.862,NaN,7.548,23.896,NaN,5.562,3.693,NaN,15.201,NaN,NaN"
2017-01-16T14:30:00.000-00:00,"2017-01-16 14:30,892.508,843.613,728.921,NaN,5.796,22.442,NaN,5.969,3.862,NaN,15.735,NaN,NaN"
2017-01-23T14:30:00.000-00:00,"2017-01-23 14:30,882.549,850.693,734.408,NaN,3.745,20.172,NaN,5.977,3.953,NaN,15.834,NaN,NaN"
2017-01-30T14:30:00.000-00:00,"2017-01-30 14:30,838,848.385,738.107,NaN,-1.224,13.534,NaN,5.349,3.896,NaN,14.941,NaN,NaN"
2017-02-07T14:30:00.000-00:00,"2017-02-07 14:30,848.704,848.443,742.057,NaN,0.031,14.372,NaN,3.623,3.572,NaN,14.337,NaN,NaN"
2017-02-13T14:30:00.000-00:00,"2017-02-13 14:30,865.155,851.481,746.454,NaN,1.606,15.902,NaN,2.25,3.264,NaN,14.07,NaN,NaN"
2017-02-20T14:30:00.000-00:00,"2017-02-20 14:30,841.092,849.592,749.834,NaN,-1.001,12.171,NaN,0.709,2.869,NaN,13.304,NaN,NaN"
2017-02-27T14:30:00.000-00:00,"2017-02-27 14:30,830.45,846.112,752.713,NaN,-1.851,10.328,NaN,-0.538,2.492,NaN,12.408,NaN,NaN"
2017-03-06T14:30:00.000-00:00,"2017-03-06 14:30,845.85,846.064,756.039,NaN,-0.025,11.879,NaN,-0.274,2.429,NaN,11.908,NaN,NaN"
2017-03-13T13:30:00.000-00:00,"2017-03-13 13:30,833.586,843.796,758.809,NaN,-1.21,9.855,NaN,-0.548,2.257,NaN,11.2,NaN,NaN"
2017-03-21T13:30:00.000-00:00,"2017-03-21 13:30,782,832.56,759.637,NaN,-6.073,2.944,NaN,-2.222,1.766,NaN,9.6,NaN,NaN"
2017-03-27T13:30:00.000-00:00,"2017-03-27 13:30,793.7,825.495,760.853,NaN,-3.852,4.317,NaN,-2.836,1.47,NaN,8.496,NaN,NaN"
2017-04-03T13:30:00.000-00:00,"2017-04-03 13:30,787.5,818.586,761.805,NaN,-3.798,3.373,NaN,-3.253,1.208,NaN,7.454,NaN,NaN"
2017-04-10T13:30:00.000-00:00,"2017-04-10 13:30,786.5,812.753,762.687,NaN,-3.23,3.122,NaN,-3.937,0.879,NaN,6.564,NaN,NaN"
2017-04-17T13:30:00.000-00:00,"2017-04-17 13:30,809,812.07,764.341,NaN,-0.378,5.843,NaN,-3.76,0.729,NaN,6.244,NaN,NaN"
2017-04-24T13:30:00.000-00:00,"2017-04-24 13:30,873.5,823.239,768.24,NaN,6.105,13.702,NaN,-1.12,1.132,NaN,7.159,NaN,NaN"
2017-05-02T13:30:00.000-00:00,"2017-05-02 13:30,900.418,837.272,772.96,NaN,7.542,16.49,NaN,1.427,1.591,NaN,8.32,NaN,NaN"
2017-05-08T13:30:00.000-00:00,"2017-05-08 13:30,897.186,848.165,777.397,NaN,5.78,15.409,NaN,3.613,2.047,NaN,9.103,NaN,NaN"
2017-05-15T13:30:00.000-00:00,"2017-05-15 13:30,892.3,856.19,781.501,NaN,4.218,14.178,NaN,5.344,2.467,NaN,9.557,NaN,NaN"
2017-05-22T13:30:00.000-00:00,"2017-05-22 13:30,917.815,867.394,786.369,NaN,5.813,16.716,NaN,6.813,2.882,NaN,10.304,NaN,NaN"
2017-05-29T13:30:00.000-00:00,"2017-05-29 13:30,931.664,879.08,791.558,NaN,5.982,17.7,NaN,6.783,3.035,NaN,11.057,NaN,NaN"
2017-06-05T13:30:00.000-00:00,"2017-06-05 13:30,881.25,879.474,794.761,NaN,0.202,10.882,NaN,5.04,2.82,NaN,10.659,NaN,NaN"
2017-06-12T13:30:00.000-00:00,"2017-06-12 13:30,857.5,875.479,797.002,NaN,-2.054,7.591,NaN,3.22,2.522,NaN,9.847,NaN,NaN"
2017-06-19T13:30:00.000-00:00,"2017-06-19 13:30,886.5,877.483,800.198,NaN,1.028,10.785,NaN,2.487,2.393,NaN,9.658,NaN,NaN"
2017-06-26T13:30:00.000-00:00,"2017-06-26 13:30,845.857,871.733,801.829,NaN,-2.968,5.491,NaN,0.5,1.966,NaN,8.718,NaN,NaN"
2017-07-03T13:30:00.000-00:00,"2017-07-03 13:30,852.15,868.172,803.626,NaN,-1.846,6.038,NaN,-1.241,1.525,NaN,8.032,NaN,NaN"
2017-07-10T13:30:00.000-00:00,"2017-07-10 13:30,855.172,865.808,805.467,NaN,-1.229,6.171,NaN,-1.554,1.347,NaN,7.491,NaN,NaN"
2017-07-17T13:30:00.000-00:00,"2017-07-17 13:30,875.576,867.584,807.971,NaN,0.921,8.367,NaN,-0.902,1.376,NaN,7.378,NaN,NaN"
2017-07-24T13:30:00.000-00:00,"2017-07-24 13:30,851,864.569,809.508,NaN,-1.569,5.126,NaN,-1.472,1.163,NaN,6.802,NaN,NaN"
2017-07-31T13:30:00.000-00:00,"2017-07-31 13:30,845.25,861.057,810.784,NaN,-1.836,4.251,NaN,-1.225,1.117,NaN,6.2,NaN,NaN"
2017-08-07T13:30:00.000-00:00,"2017-08-07 13:30,830.254,855.456,811.48,NaN,-2.946,2.314,NaN,-1.465,0.977,NaN,5.419,NaN,NaN"
2017-08-14T13:30:00.000-00:00,"2017-08-14 13:30,822,849.373,811.855,NaN,-3.223,1.25,NaN,-1.898,0.793,NaN,4.621,NaN,NaN"
2017-08-21T13:30:00.000-00:00,"2017-08-21 13:30,822.093,844.413,812.221,NaN,-2.643,1.215,NaN,-2.671,0.526,NaN,3.963,NaN,NaN"
2017-08-28T13:30:00.000-00:00,"2017-08-28 13:30,845.661,844.64,813.415,NaN,0.121,3.964,NaN,-2.305,0.483,NaN,3.839,NaN,NaN"
2017-09-04T13:30:00.000-00:00,"2017-09-04 13:30,834.984,842.884,814.186,NaN,-0.937,2.555,NaN,-2.11,0.42,NaN,3.525,NaN,NaN"
2017-09-11T13:30:00.000-00:00,"2017-09-11 13:30,825.35,839.696,814.584,NaN,-1.709,1.322,NaN,-1.842,0.383,NaN,3.083,NaN,NaN"
2017-09-18T13:30:00.000-00:00,"2017-09-18 13:30,836.43,839.102,815.364,NaN,-0.319,2.584,NaN,-1.209,0.432,NaN,2.911,NaN,NaN"
2017-09-25T13:30:00.000-00:00,"2017-09-25 13:30,884.35,847.329,817.828,NaN,4.369,8.134,NaN,0.345,0.69,NaN,3.607,NaN,NaN"
2017-10-02T13:30:00.000-00:00,"2017-10-02 13:30,917.5,860.088,821.388,NaN,6.675,11.701,NaN,1.829,0.98,NaN,4.711,NaN,NaN"
2017-10-09T13:30:00.000-00:00,"2017-10-09 13:30,954.95,877.335,826.158,NaN,8.847,15.589,NaN,4.087,1.47,NaN,6.195,NaN,NaN"
2017-10-16T13:30:00.000-00:00,"2017-10-16 13:30,956.068,891.65,830.798,NaN,7.225,15.078,NaN,6.187,1.99,NaN,7.325,NaN,NaN"
2017-10-23T13:30:00.000-00:00,"2017-10-23 13:30,998.15,911.014,836.775,NaN,9.565,19.285,NaN,8.57,2.626,NaN,8.872,NaN,NaN"
2017-10-30T13:30:00.000-00:00,"2017-10-30 13:30,1007.5,928.557,842.872,NaN,8.502,19.532,NaN,9.586,3.062,NaN,10.166,NaN,NaN"
2017-11-06T14:30:00.000-00:00,"2017-11-06 14:30,998,941.183,848.412,NaN,6.037,17.632,NaN,9.429,3.29,NaN,10.935,NaN,NaN"
2017-11-13T14:30:00.000-00:00,"2017-11-13 14:30,981.25,948.468,853.156,NaN,3.456,15.014,NaN,8.108,3.268,NaN,11.172,NaN,NaN"
2017-11-21T14:30:00.000-00:00,"2017-11-21 14:30,982.55,954.665,857.778,NaN,2.921,14.546,NaN,7.067,3.247,NaN,11.295,NaN,NaN"
2017-11-27T14:30:00.000-00:00,"2017-11-27 14:30,955.699,954.853,861.275,NaN,0.089,10.963,NaN,4.812,2.928,NaN,10.865,NaN,NaN"
2017-12-04T14:30:00.000-00:00,"2017-12-04 14:30,999.889,963.041,866.225,NaN,3.826,15.431,NaN,3.714,2.771,NaN,11.177,NaN,NaN"
2017-12-11T14:30:00.000-00:00,"2017-12-11 14:30,1024.151,974.152,871.865,NaN,5.133,17.467,NaN,3.503,2.764,NaN,11.732,NaN,NaN"
2017-12-18T14:30:00.000-00:00,"2017-12-18 14:30,1056.231,989.075,878.45,NaN,6.79,20.238,NaN,4.281,2.965,NaN,12.593,NaN,NaN"
2017-12-26T14:30:00.000-00:00,"2017-12-26 14:30,1037.469,997.874,884.129,NaN,3.968,17.344,NaN,4.526,3.072,NaN,12.865,NaN,NaN"
2018-01-02T14:30:00.000-00:00,"2018-01-02 14:30,1065.246,1010.123,890.598,NaN,5.457,19.61,NaN,5.788,3.405,NaN,13.421,NaN,NaN"
2018-01-08T14:30:00.000-00:00,"2018-01-08 14:30,1076,1022.101,897.219,NaN,5.273,19.926,NaN,6.133,3.578,NaN,13.919,NaN,NaN"
2018-01-15T14:30:00.000-00:00,"2018-01-15 14:30,1062.85,1029.51,903.135,NaN,3.238,17.685,NaN,5.683,3.586,NaN,13.993,NaN,NaN"
2018-01-22T14:30:00.000-00:00,"2018-01-22 14:30,1097.357,1041.846,910.071,642.68,5.328,20.579,70.747,5.335,3.6,NaN,14.48,41.606,0.348"
2018-01-29T14:30:00.000-00:00,"2018-01-29 14:30,1044.405,1042.311,914.869,646.678,0.201,14.159,61.503,4.453,3.477,NaN,13.93,41.472,0.336"
2018-02-06T14:30:00.000-00:00,"2018-02-06 14:30,963.655,1028.01,916.611,649.832,-6.26,5.132,48.293,1.771,2.921,NaN,12.153,41.054,0.296"
2018-02-12T14:30:00.000-00:00,"2018-02-12 14:30,1016,1025.826,920.161,653.475,-0.958,10.416,55.476,0.364,2.557,NaN,11.483,40.81,0.281"
2018-02-19T14:30:00.000-00:00,"2018-02-19 14:30,1043.442,1029.029,924.564,657.355,1.401,12.858,58.733,-0.047,2.373,NaN,11.299,40.649,0.278"
2018-02-26T14:30:00.000-00:00,"2018-02-26 14:30,1015,1026.478,927.793,660.914,-1.118,9.399,53.575,-1.475,1.947,2.837,10.637,40.38,0.263"
2018-03-05T14:30:00.000-00:00,"2018-03-05 14:30,1077.15,1035.691,933.128,665.056,4.003,15.434,61.964,-0.635,1.996,2.842,10.991,40.308,0.273"
2018-03-12T13:30:00.000-00:00,"2018-03-12 13:30,1059.226,1039.971,937.631,668.978,1.852,12.968,58.335,1.163,2.293,2.946,10.915,40.159,0.272"
2018-03-20T13:30:00.000-00:00,"2018-03-20 13:30,957.2,1024.921,938.33,671.846,-6.607,2.011,42.473,-0.088,1.975,2.811,9.228,39.664,0.233"
2018-03-26T13:30:00.000-00:00,"2018-03-26 13:30,922.083,1006.223,937.75,674.336,-8.362,-1.671,36.739,-2.216,1.426,2.583,7.302,39.063,0.187"
2018-04-02T13:30:00.000-00:00,"2018-04-02 13:30,937.093,993.654,937.726,676.95,-5.692,-0.067,38.429,-3.198,1.071,2.426,5.964,38.522,0.155"
2018-04-09T13:30:00.000-00:00,"2018-04-09 13:30,935.4,983.063,937.643,679.522,-4.848,-0.239,37.656,-5.082,0.484,2.175,4.844,37.986,0.128"
2018-04-16T13:30:00.000-00:00,"2018-04-16 13:30,997.03,985.602,939.764,682.681,1.16,6.094,46.046,-5.228,0.227,2.048,4.878,37.658,0.13"
2018-04-23T13:30:00.000-00:00,"2018-04-23 13:30,960,980.947,940.487,685.44,-2.135,2.075,40.056,-4.29,0.23,2.023,4.302,37.209,0.116"
2018-04-30T13:30:00.000-00:00,"2018-04-30 13:30,1010,986.23,942.97,688.67,2.41,7.108,46.66,-1.987,0.557,2.126,4.588,36.926,0.124"
2018-05-07T13:30:00.000-00:00,"2018-05-07 13:30,1069.492,1001.368,947.488,692.459,6.803,12.877,54.448,0.776,1.041,2.291,5.687,36.829,0.154"
2018-05-14T13:30:00.000-00:00,"2018-05-14 13:30,1067.935,1013.471,951.79,696.195,5.374,12.203,53.396,3.093,1.509,2.454,6.481,36.713,0.177"
2018-05-21T13:30:00.000-00:00,"2018-05-21 13:30,1061,1022.113,955.69,699.825,3.805,11.019,51.609,3.704,1.695,2.511,6.95,36.561,0.19"
2018-05-28T13:30:00.000-00:00,"2018-05-28 13:30,1128.583,1041.471,961.865,704.091,8.364,17.333,60.289,6.17,2.273,2.721,8.276,36.611,0.226"
2018-06-04T13:30:00.000-00:00,"2018-06-04 13:30,1150.144,1061.23,968.589,708.53,8.378,18.744,62.328,7.605,2.717,2.884,9.564,36.704,0.261"
2018-06-11T13:30:00.000-00:00,"2018-06-11 13:30,1197.25,1085.961,976.756,713.393,10.248,22.574,67.825,8.448,3.089,3.023,11.18,36.917,0.303"
2018-06-18T13:30:00.000-00:00,"2018-06-18 13:30,1171.5,1101.513,983.711,717.951,6.354,19.09,63.173,8.687,3.354,3.125,11.975,37.016,0.324"
2018-06-25T13:30:00.000-00:00,"2018-06-25 13:30,1121.6,1105.165,988.635,721.967,1.487,13.449,55.353,8.126,3.447,3.164,11.787,36.936,0.319"
2018-07-02T13:30:00.000-00:00,"2018-07-02 13:30,1101.1,1104.426,992.652,725.74,-0.301,10.925,51.721,6.045,3.201,3.075,11.26,36.778,0.306"
2018-07-09T13:30:00.000-00:00,"2018-07-09 13:30,1142,1111.258,997.986,729.882,2.766,14.43,56.464,4.714,3.035,3.014,11.35,36.733,0.309"
2018-07-16T13:30:00.000-00:00,"2018-07-16 13:30,1142.771,1116.987,1003.157,733.99,2.308,13.917,55.693,2.857,2.703,2.887,11.347,36.672,0.309"
2018-07-23T13:30:00.000-00:00,"2018-07-23 13:30,1166.85,1126.053,1009.003,738.297,3.623,15.644,58.046,2.228,2.571,2.834,11.601,36.666,0.316"
2018-07-30T13:30:00.000-00:00,"2018-07-30 13:30,1145.75,1129.635,1013.887,742.351,1.427,13.006,54.341,2.214,2.554,2.823,11.416,36.578,0.312"
2018-08-06T13:30:00.000-00:00,"2018-08-06 13:30,1185,1139.701,1019.998,746.756,3.975,16.177,58.686,3.194,2.755,2.896,11.736,36.591,0.321"
2018-08-13T13:30:00.000-00:00,"2018-08-13 13:30,1149.7,1141.519,1024.63,750.765,0.717,12.206,53.137,2.723,2.67,2.861,11.408,36.478,0.313"
2018-08-20T13:30:00.000-00:00,"2018-08-20 13:30,1165.705,1145.916,1029.669,754.894,1.727,13.212,54.42,2.59,2.643,2.848,11.29,36.399,0.31"
2018-08-27T13:30:00.000-00:00,"2018-08-27 13:30,1175.042,1151.212,1034.86,759.075,2.07,13.546,54.799,2.234,2.563,2.814,11.243,36.332,0.309"
2018-09-03T13:30:00.000-00:00,"2018-09-03 13:30,1137.75,1148.764,1038.535,762.842,-0.959,9.553,49.146,1.693,2.431,2.76,10.614,36.14,0.294"
2018-09-10T13:30:00.000-00:00,"2018-09-10 13:30,1112.535,1142.177,1041.178,766.322,-2.595,6.853,45.179,0.217,2.076,2.62,9.7,35.867,0.27"
2018-09-17T13:30:00.000-00:00,"2018-09-17 13:30,1106.1,1135.618,1043.497,769.703,-2.599,5.999,43.705,-0.517,1.841,2.522,8.828,35.571,0.248"
2018-09-24T13:30:00.000-00:00,"2018-09-24 13:30,1128.293,1134.286,1046.525,773.271,-0.528,7.813,45.912,-1.015,1.637,2.434,8.386,35.337,0.237"
2018-10-01T13:30:00.000-00:00,"2018-10-01 13:30,1101.48,1128.321,1048.488,776.537,-2.379,5.054,41.845,-1.988,1.317,2.3,7.614,35.021,0.217"
2018-10-08T13:30:00.000-00:00,"2018-10-08 13:30,1058.65,1115.654,1048.851,779.344,-5.109,0.934,35.839,-2.882,0.993,2.163,6.369,34.581,0.184"
2018-10-15T13:30:00.000-00:00,"2018-10-15 13:30,1065.631,1106.559,1049.45,782.192,-3.699,1.542,36.236,-3.118,0.794,2.071,5.442,34.168,0.159"
2018-10-22T13:30:00.000-00:00,"2018-10-22 13:30,1040.5,1094.548,1049.13,784.763,-4.938,-0.823,32.588,-3.617,0.54,1.957,4.329,33.688,0.129"
2018-10-29T13:30:00.000-00:00,"2018-10-29 13:30,1094,1094.448,1050.733,787.84,-0.041,4.118,38.861,-3.512,0.402,1.884,4.16,33.369,0.125"
2018-11-05T14:30:00.000-00:00,"2018-11-05 14:30,1084.217,1092.588,1051.929,790.789,-0.766,3.069,37.106,-3.167,0.328,1.835,3.865,33.023,0.117"
2018-11-12T14:30:00.000-00:00,"2018-11-12 14:30,1067.6,1088.045,1052.488,793.543,-1.879,1.436,34.536,-2.475,0.347,1.822,3.378,32.632,0.104"
2018-11-20T14:30:00.000-00:00,"2018-11-20 14:30,1050.35,1081.191,1052.412,796.098,-2.853,-0.196,31.937,-2.292,0.282,1.778,2.735,32.196,0.085"
2018-11-26T14:30:00.000-00:00,"2018-11-26 14:30,1114.75,1087.293,1054.638,799.269,2.525,5.7,39.471,-0.663,0.525,1.848,3.096,31.95,0.097"
2018-12-03T14:30:00.000-00:00,"2018-12-03 14:30,1070,1084.149,1055.187,801.963,-1.305,1.404,33.423,-0.941,0.424,1.793,2.745,31.576,0.087"
2018-12-10T14:30:00.000-00:00,"2018-12-10 14:30,1065.951,1080.84,1055.571,804.59,-1.378,0.983,32.484,-1.075,0.346,1.745,2.394,31.194,0.077"
2018-12-17T14:30:00.000-00:00,"2018-12-17 14:30,987.5,1063.869,1053.14,806.41,-7.178,-6.233,22.456,-2.222,0.062,1.621,1.019,30.596,0.033"
2018-12-24T14:30:00.000-00:00,"2018-12-24 14:30,1040,1059.529,1052.671,808.734,-1.843,-1.204,28.596,-2.004,0.025,1.587,0.652,30.163,0.022"
2018-12-31T14:30:00.000-00:00,"2018-12-31 14:30,1044,1056.706,1052.361,811.075,-1.202,-0.795,28.718,-2.813,-0.216,1.477,0.413,29.749,0.014"
2019-01-07T14:30:00.000-00:00,"2019-01-07 14:30,1018.005,1049.669,1051.134,813.134,-3.017,-3.152,25.195,-3.18,-0.384,1.393,-0.139,29.27,-0.005"
2019-01-14T14:30:00.000-00:00,"2019-01-14 14:30,1057.5,1051.093,1051.362,815.565,0.61,0.584,29.665,-2.752,-0.399,1.364,-0.026,28.912,-0.001"
2019-01-21T14:30:00.000-00:00,"2019-01-21 14:30,1045.5,1050.076,1051.152,817.853,-0.436,-0.538,27.835,-1.296,-0.189,1.419,-0.102,28.526,-0.004"
2019-01-28T14:30:00.000-00:00,"2019-01-28 14:30,1070,1053.699,1051.825,820.362,1.547,1.728,30.43,-0.55,-0.08,1.438,0.178,28.215,0.006"
2019-02-05T14:30:00.000-00:00,"2019-02-05 14:30,1049.813,1052.992,1051.753,822.645,-0.302,-0.185,27.614,-0.351,-0.058,1.427,0.118,27.85,0.004"
2019-02-11T14:30:00.000-00:00,"2019-02-11 14:30,1076.25,1057.221,1052.628,825.169,1.8,2.244,30.428,0.719,0.142,1.48,0.436,27.565,0.016"
2019-02-18T14:30:00.000-00:00,"2019-02-18 14:30,1065.5,1058.726,1053.088,827.56,0.64,1.179,28.752,0.726,0.164,1.471,0.535,27.252,0.02"
2019-02-25T14:30:00.000-00:00,"2019-02-25 14:30,1104.416,1067.033,1054.921,830.315,3.503,4.692,33.012,1.615,0.359,1.524,1.148,27.051,0.042"
2019-03-04T14:30:00.000-00:00,"2019-03-04 14:30,1113.5,1075.482,1057.013,833.133,3.535,5.344,33.652,2.067,0.493,1.557,1.747,26.872,0.065"
2019-03-11T13:30:00.000-00:00,"2019-03-11 13:30,1149,1088.849,1060.299,836.276,5.524,8.366,37.395,3.405,0.812,1.657,2.693,26.788,0.101"
2019-03-19T13:30:00.000-00:00,"2019-03-19 13:30,1154.661,1100.815,1063.669,839.444,4.892,8.555,37.551,4.123,1.049,1.73,3.492,26.711,0.131"
2019-03-25T13:30:00.000-00:00,"2019-03-25 13:30,1139,1107.757,1066.359,842.424,2.82,6.812,35.205,4.631,1.26,1.796,3.882,26.582,0.146"
2019-04-01T13:30:00.000-00:00,"2019-04-01 13:30,1157.9,1116.874,1069.628,845.563,3.673,8.253,36.938,4.671,1.394,1.836,4.417,26.499,0.167"
2019-04-08T13:30:00.000-00:00,"2019-04-08 13:30,1144.078,1121.82,1072.287,848.534,1.984,6.695,34.83,4.309,1.445,1.849,4.619,26.369,0.175"
2019-04-15T13:30:00.000-00:00,"2019-04-15 13:30,1165.5,1129.762,1075.616,851.687,3.163,8.356,36.846,3.757,1.445,1.843,5.034,26.292,0.191"
2019-04-22T13:30:00.000-00:00,"2019-04-22 13:30,1205,1143.442,1080.237,855.203,5.384,11.55,40.902,3.872,1.558,1.877,5.851,26.314,0.222"
2019-04-29T13:30:00.000-00:00,"2019-04-29 13:30,1126.5,1140.361,1081.889,857.902,-1.216,4.123,31.309,2.943,1.456,1.837,5.405,26.109,0.207"
2019-05-06T13:30:00.000-00:00,"2019-05-06 13:30,1104.497,1133.841,1082.697,860.356,-2.588,2.013,28.377,1.519,1.222,1.749,4.724,25.843,0.183"
2019-05-13T13:30:00.000-00:00,"2019-05-13 13:30,1125.717,1132.363,1084.233,862.997,-0.587,3.826,30.443,0.94,1.114,1.704,4.439,25.636,0.173"
2019-05-20T13:30:00.000-00:00,"2019-05-20 13:30,1085,1123.752,1084.261,865.206,-3.448,0.068,25.404,-0.532,0.804,1.587,3.642,25.318,0.144"
2019-05-27T13:30:00.000-00:00,"2019-05-27 13:30,1084.624,1116.638,1084.274,867.389,-2.867,0.032,25.045,-2.344,0.374,1.425,2.985,25.004,0.119"
2019-06-03T13:30:00.000-00:00,"2019-06-03 13:30,1047.537,1104.074,1082.962,869.181,-5.121,-3.271,20.52,-3.182,0.099,1.315,1.949,24.596,0.079"
2019-06-10T13:30:00.000-00:00,"2019-06-10 13:30,1044.396,1093.223,1081.584,870.925,-4.466,-3.438,19.918,-3.582,-0.103,1.228,1.076,24.188,0.044"
2019-06-17T13:30:00.000-00:00,"2019-06-17 13:30,1072.5,1089.455,1081.26,872.93,-1.556,-0.81,22.862,-3.789,-0.274,1.151,0.758,23.866,0.032"
2019-06-24T13:30:00.000-00:00,"2019-06-24 13:30,1032.1,1079.027,1079.504,874.514,-4.349,-4.391,18.02,-3.98,-0.439,1.076,-0.044,23.44,-0.002"
2019-07-01T13:30:00.000-00:00,"2019-07-01 13:30,1074.85,1078.268,1079.338,876.508,-0.317,-0.416,22.629,-3.436,-0.455,1.051,-0.099,23.141,-0.004"
2019-07-08T13:30:00.000-00:00,"2019-07-08 13:30,1089.284,1080.271,1079.693,878.625,0.834,0.888,23.976,-2.156,-0.302,1.086,0.054,22.884,0.002"
2019-07-15T13:30:00.000-00:00,"2019-07-15 13:30,1086.229,1081.354,1079.926,880.691,0.451,0.584,23.338,-1.086,-0.153,1.121,0.132,22.623,0.006"
2019-07-22T13:30:00.000-00:00,"2019-07-22 13:30,1194.648,1101.953,1084.024,883.814,8.412,10.205,35.17,1.147,0.256,1.247,1.654,22.653,0.073"
2019-07-29T13:30:00.000-00:00,"2019-07-29 13:30,1153.367,1111.301,1086.5,886.497,3.785,6.154,30.104,2.991,0.648,1.37,2.283,22.561,0.101"
2019-08-05T13:30:00.000-00:00,"2019-08-05 13:30,1157.5,1119.701,1089.036,889.193,3.376,6.287,30.174,3.843,0.899,1.447,2.816,22.475,0.125"
2019-08-12T13:30:00.000-00:00,"2019-08-12 13:30,1160.069,1127.04,1091.573,891.888,2.931,6.275,30.069,4.329,1.1,1.51,3.249,22.389,0.145"
2019-08-19T13:30:00.000-00:00,"2019-08-19 13:30,1147.1,1130.688,1093.556,894.428,1.452,4.896,28.25,4.562,1.262,1.56,3.395,22.263,0.153"
2019-08-26T13:30:00.000-00:00,"2019-08-26 13:30,1193.45,1142.099,1097.124,897.403,4.496,8.78,32.989,3.643,1.208,1.538,4.099,22.255,0.184"
2019-09-02T13:30:00.000-00:00,"2019-09-02 13:30,1178.339,1148.688,1100.024,900.199,2.581,7.119,30.898,3.364,1.245,1.546,4.424,22.198,0.199"
2019-09-09T13:30:00.000-00:00,"2019-09-09 13:30,1203,1158.563,1103.702,903.212,3.836,8.997,33.191,3.471,1.347,1.577,4.971,22.197,0.224"
2019-09-17T13:30:00.000-00:00,"2019-09-17 13:30,1204.35,1166.888,1107.296,906.208,3.21,8.765,32.9,3.536,1.44,1.606,5.382,22.19,0.243"
2019-09-23T13:30:00.000-00:00,"2019-09-23 13:30,1200.4,1172.981,1110.622,909.135,2.338,8.084,32.038,3.74,1.561,1.644,5.615,22.162,0.253"
2019-09-30T13:30:00.000-00:00,"2019-09-30 13:30,1176.193,1173.565,1112.963,911.792,0.224,5.681,28.998,2.755,1.444,1.603,5.445,22.063,0.247"
2019-10-07T13:30:00.000-00:00,"2019-10-07 13:30,1177.513,1174.283,1115.269,914.436,0.275,5.581,28.769,2.228,1.386,1.582,5.291,21.962,0.241"
2019-10-14T13:30:00.000-00:00,"2019-10-14 13:30,1191,1177.322,1117.973,917.188,1.162,6.532,29.853,1.619,1.293,1.547,5.309,21.891,0.242"
2019-10-21T13:30:00.000-00:00,"2019-10-21 13:30,1205.009,1182.356,1121.082,920.052,1.916,7.486,30.972,1.326,1.245,1.528,5.466,21.85,0.25"
2019-10-28T13:30:00.000-00:00,"2019-10-28 13:30,1212.7,1187.873,1124.354,922.964,2.09,7.858,31.392,1.27,1.236,1.521,5.649,21.82,0.259"
2019-11-04T14:30:00.000-00:00,"2019-11-04 14:30,1247.1,1198.642,1128.738,926.189,4.043,10.486,34.648,2.137,1.417,1.579,6.193,21.869,0.283"
2019-11-11T14:30:00.000-00:00,"2019-11-11 14:30,1275,1212.525,1133.961,929.66,5.152,12.438,37.147,3.257,1.676,1.665,6.928,21.976,0.315"
2019-11-19T14:30:00.000-00:00,"2019-11-19 14:30,1248.546,1219.074,1138.054,932.833,2.418,9.709,33.844,3.546,1.796,1.706,7.119,22,0.324"
2019-11-25T14:30:00.000-00:00,"2019-11-25 14:30,1273.746,1229.014,1142.9,936.225,3.64,11.449,36.051,3.946,1.946,1.758,7.535,22.075,0.341"
2019-12-02T14:30:00.000-00:00,"2019-12-02 14:30,1293.525,1240.744,1148.279,939.781,4.254,12.649,37.641,4.451,2.128,1.822,8.052,22.186,0.363"
2019-12-09T14:30:00.000-00:00,"2019-12-09 14:30,1283.5,1248.517,1153.109,943.201,2.802,11.308,36.079,4.161,2.159,1.837,8.274,22.255,0.372"
2019-12-16T14:30:00.000-00:00,"2019-12-16 14:30,1281.179,1254.456,1157.682,946.564,2.13,10.668,35.351,3.458,2.092,1.818,8.359,22.304,0.375"
2019-12-23T14:30:00.000-00:00,"2019-12-23 14:30,1280.1,1259.118,1162.055,949.882,1.666,10.158,34.764,3.285,2.109,1.828,8.353,22.337,0.374"
2019-12-30T14:30:00.000-00:00,"2019-12-30 14:30,1289.495,1264.641,1166.606,953.262,1.965,10.534,35.272,2.899,2.074,1.82,8.403,22.38,0.375"
2020-01-06T14:30:00.000-00:00,"2020-01-06 14:30,1343,1278.888,1172.906,957.14,5.013,14.502,40.314,3.074,2.145,1.847,9.036,22.543,0.401"
2020-01-13T14:30:00.000-00:00,"2020-01-13 14:30,1376.641,1296.662,1180.182,961.314,6.168,16.646,43.204,3.856,2.348,1.92,9.87,22.768,0.433"
2020-01-20T14:30:00.000-00:00,"2020-01-20 14:30,1383.951,1312.532,1187.459,965.519,5.441,16.547,43.337,4.63,2.572,2.003,10.533,22.987,0.458"
2020-01-27T14:30:00.000-00:00,"2020-01-27 14:30,1350.561,1319.447,1193.285,969.35,2.358,13.18,39.326,4.791,2.687,2.05,10.573,23.101,0.458"
2020-02-04T14:30:00.000-00:00,"2020-02-04 14:30,1385,1331.365,1200.131,973.486,4.029,15.404,42.272,5.276,2.874,2.122,10.935,23.282,0.47"
2020-02-10T14:30:00.000-00:00,"2020-02-10 14:30,1405.25,1344.799,1207.457,977.782,4.495,16.381,43.718,5.154,2.946,2.157,11.374,23.489,0.484"
2020-02-17T14:30:00.000-00:00,"2020-02-17 14:30,1398.099,1354.49,1214.266,981.965,3.22,15.139,42.378,4.46,2.888,2.148,11.548,23.657,0.488"
2020-02-24T14:30:00.000-00:00,"2020-02-24 14:30,1285.533,1341.952,1216.811,984.985,-4.204,5.648,30.513,2.241,2.472,2.016,10.284,23.536,0.437"
2020-03-02T14:30:00.000-00:00,"2020-03-02 14:30,1296.419,1333.673,1219.654,988.084,-2.793,6.294,31.205,1.078,2.21,1.933,9.348,23.436,0.399"
2020-03-09T13:30:00.000-00:00,"2020-03-09 13:30,1309.425,1329.265,1222.86,991.281,-1.493,7.079,32.094,-0.158,1.894,1.828,8.701,23.362,0.372"
2020-03-17T13:30:00.000-00:00,"2020-03-17 13:30,1310,1325.762,1225.972,994.453,-1.189,6.854,31.731,-1.416,1.533,1.705,8.14,23.281,0.35"
2020-03-23T13:30:00.000-00:00,"2020-03-23 13:30,1311.397,1323.15,1229.023,997.606,-0.888,6.702,31.454,-2.314,1.215,1.593,7.659,23.197,0.33"
2020-03-30T13:30:00.000-00:00,"2020-03-30 13:30,1355.05,1328.95,1233.524,1001.163,1.964,9.852,35.348,-0.969,1.374,1.642,7.736,23.209,0.333"
2020-04-06T13:30:00.000-00:00,"2020-04-06 13:30,1453.531,1351.601,1241.382,1005.664,7.541,17.09,44.534,1.344,1.781,1.779,8.879,23.439,0.379"
2020-04-13T13:30:00.000-00:00,"2020-04-13 13:30,1518.75,1381.992,1251.288,1010.77,9.896,21.375,50.257,3.967,2.325,1.966,10.446,23.796,0.439"
2020-04-20T13:30:00.000-00:00,"2020-04-20 13:30,1596.426,1420.98,1263.614,1016.597,12.347,26.338,57.036,7.182,3.07,2.227,12.454,24.298,0.513"
2020-04-27T13:30:00.000-00:00,"2020-04-27 13:30,1603.75,1454.211,1275.762,1022.439,10.283,25.709,56.855,9.905,3.803,2.489,13.988,24.776,0.565"
2020-05-04T13:30:00.000-00:00,"2020-05-04 13:30,1643.547,1488.636,1288.897,1028.619,10.406,27.516,59.782,12.016,4.489,2.742,15.497,25.304,0.612"
2020-05-11T13:30:00.000-00:00,"2020-05-11 13:30,1643.676,1516.825,1301.568,1034.739,8.363,26.284,58.849,12.224,4.848,2.891,16.538,25.787,0.641"
2020-05-18T13:30:00.000-00:00,"2020-05-18 13:30,1610,1533.766,1312.583,1040.463,4.97,22.659,54.739,10.982,4.899,2.938,16.851,26.154,0.644"
2020-05-25T13:30:00.000-00:00,"2020-05-25 13:30,1585.44,1543.161,1322.328,1045.886,2.74,19.898,51.588,8.598,4.647,2.881,16.7,26.431,0.632"
2020-06-01T13:30:00.000-00:00,"2020-06-01 13:30,1555,1545.314,1330.638,1050.952,0.627,16.861,47.961,6.265,4.301,2.789,16.133,26.613,0.606"
2020-06-08T13:30:00.000-00:00,"2020-06-08 13:30,1559.95,1547.975,1338.827,1056.017,0.774,16.516,47.72,3.986,3.874,2.663,15.622,26.781,0.583"
2020-06-15T13:30:00.000-00:00,"2020-06-15 13:30,1610.792,1559.396,1348.54,1061.537,3.296,19.447,51.741,2.807,3.609,2.59,15.636,27.037,0.578"
2020-06-22T13:30:00.000-00:00,"2020-06-22 13:30,1581.7,1563.451,1356.867,1066.712,1.167,16.57,48.278,1.935,3.374,2.523,15.225,27.201,0.56"
2020-06-29T13:30:00.000-00:00,"2020-06-29 13:30,1655.3,1580.151,1367.526,1072.569,4.756,21.043,54.33,2.397,3.418,2.551,15.548,27.5,0.565"
2020-07-06T13:30:00.000-00:00,"2020-07-06 13:30,1727.499,1606.942,1380.382,1079.086,7.502,25.146,60.089,3.988,3.738,2.677,16.413,27.921,0.588"
2020-07-13T13:30:00.000-00:00,"2020-07-13 13:30,1715.5,1626.68,1392.35,1085.418,5.46,23.209,58.05,5.084,3.998,2.784,16.83,28.278,0.595"
2020-07-20T13:30:00.000-00:00,"2020-07-20 13:30,1669,1634.374,1402.231,1091.225,2.119,19.025,52.947,4.808,3.981,2.797,16.555,28.501,0.581"
2020-07-27T13:30:00.000-00:00,"2020-07-27 13:30,1650.087,1637.231,1411.083,1096.786,0.785,16.938,50.447,4.719,3.996,2.819,16.027,28.656,0.559"
2020-08-03T13:30:00.000-00:00,"2020-08-03 13:30,1674.1,1643.934,1420.476,1102.53,1.835,17.855,51.842,4.037,3.872,2.793,15.731,28.838,0.546"
2020-08-10T13:30:00.000-00:00,"2020-08-10 13:30,1653,1645.583,1428.781,1108.008,0.451,15.693,49.187,2.405,3.506,2.68,15.174,28.95,0.524"
2020-08-17T13:30:00.000-00:00,"2020-08-17 13:30,1737.051,1662.213,1439.79,1114.267,4.502,20.646,55.892,2.184,3.407,2.658,15.448,29.214,0.529"
2020-08-24T13:30:00.000-00:00,"2020-08-24 13:30,1784.5,1684.447,1452.101,1120.936,5.94,22.891,59.197,3.064,3.557,2.723,16.001,29.544,0.542"
2020-08-31T13:30:00.000-00:00,"2020-08-31 13:30,1707.812,1688.695,1461.234,1126.775,1.132,16.875,51.566,3.143,3.554,2.734,15.566,29.683,0.524"
2020-09-07T13:30:00.000-00:00,"2020-09-07 13:30,1611.5,1674.66,1466.601,1131.598,-3.771,9.88,42.409,1.869,3.247,2.636,14.186,29.604,0.479"
2020-09-14T13:30:00.000-00:00,"2020-09-14 13:30,1521.801,1646.867,1468.572,1135.481,-7.594,3.625,34.023,0.078,2.785,2.48,12.141,29.335,0.414"
2020-09-21T13:30:00.000-00:00,"2020-09-21 13:30,1617.9,1641.6,1473.905,1140.281,-1.444,9.77,41.886,-1.24,2.369,2.335,11.378,29.258,0.389"
2020-09-28T13:30:00.000-00:00,"2020-09-28 13:30,1585.528,1631.405,1477.892,1144.711,-2.812,7.283,38.509,-3.149,1.776,2.121,10.387,29.106,0.357"
2020-10-05T13:30:00.000-00:00,"2020-10-05 13:30,1593.63,1624.537,1482.025,1149.178,-1.903,7.531,38.676,-3.799,1.423,1.988,9.616,28.964,0.332"
2020-10-12T13:30:00.000-00:00,"2020-10-12 13:30,1662.12,1631.37,1488.457,1154.282,1.885,11.667,43.996,-2.585,1.49,2.005,9.601,28.951,0.332"
2020-10-19T13:30:00.000-00:00,"2020-10-19 13:30,1697.5,1643.394,1495.923,1159.687,3.292,13.475,46.376,-0.211,1.862,2.132,9.858,28.994,0.34"
2020-10-26T13:30:00.000-00:00,"2020-10-26 13:30,1708.104,1655.159,1503.501,1165.144,3.199,13.608,46.6,0.826,2.008,2.18,10.087,29.04,0.347"
2020-11-03T14:30:00.000-00:00,"2020-11-03 14:30,1810.75,1683.449,1514.474,1171.568,7.562,19.563,54.558,3.19,2.475,2.346,11.157,29.269,0.381"
2020-11-09T14:30:00.000-00:00,"2020-11-09 14:30,1793.601,1703.476,1524.443,1177.758,5.291,17.656,52.289,4.859,2.862,2.487,11.744,29.436,0.399"
2020-11-17T14:30:00.000-00:00,"2020-11-17 14:30,1765.749,1714.799,1533.061,1183.608,2.971,15.178,49.184,5.114,2.997,2.541,11.855,29.524,0.402"
2020-11-23T14:30:00.000-00:00,"2020-11-23 14:30,1795.5,1729.472,1542.434,1189.697,3.818,16.407,50.921,5.238,3.109,2.588,12.126,29.649,0.409"
2020-11-30T14:30:00.000-00:00,"2020-11-30 14:30,1799,1742.113,1551.597,1195.759,3.265,15.945,50.448,5.254,3.199,2.628,12.279,29.758,0.413"
2020-12-07T14:30:00.000-00:00,"2020-12-07 14:30,1778.5,1748.729,1559.7,1201.558,1.702,14.028,48.016,3.878,2.986,2.56,12.12,29.807,0.407"
2020-12-14T14:30:00.000-00:00,"2020-12-14 14:30,1717.414,1743.035,1565.333,1206.691,-1.47,9.716,42.324,2.322,2.682,2.457,11.352,29.721,0.382"
2020-12-21T14:30:00.000-00:00,"2020-12-21 14:30,1715,1737.938,1570.678,1211.749,-1.32,9.188,41.531,1.349,2.454,2.378,10.649,29.621,0.36"
2020-12-28T14:30:00.000-00:00,"2020-12-28 14:30,1726.55,1735.867,1576.245,1216.871,-0.537,9.536,41.884,0.37,2.192,2.284,10.127,29.533,0.343"
2021-01-04T14:30:00.000-00:00,"2021-01-04 14:30,1787.9,1745.328,1583.804,1222.553,2.439,12.886,46.243,0.185,2.076,2.241,10.198,29.549,0.345"
2021-01-11T14:30:00.000-00:00,"2021-01-11 14:30,1721.5,1740.996,1588.722,1227.517,-1.12,8.358,40.242,-0.442,1.861,2.16,9.585,29.426,0.326"
2021-01-18T14:30:00.000-00:00,"2021-01-18 14:30,1892.5,1768.542,1599.571,1234.134,7.009,18.313,53.346,1.463,2.187,2.274,10.563,29.611,0.357"
2021-01-25T14:30:00.000-00:00,"2021-01-25 14:30,1884,1789.534,1609.729,1240.601,5.279,17.038,51.862,2.969,2.486,2.381,11.17,29.754,0.375"
2021-02-02T14:30:00.000-00:00,"2021-02-02 14:30,2096.281,1845.306,1627.106,1249.115,13.601,28.835,67.821,6.305,3.227,2.65,13.41,30.261,0.443"
2021-02-08T14:30:00.000-00:00,"2021-02-08 14:30,2085.75,1889.023,1643.486,1257.44,10.414,26.91,65.873,8.233,3.768,2.854,14.94,30.701,0.487"
2021-02-15T14:30:00.000-00:00,"2021-02-15 14:30,2137.324,1934.169,1661.123,1266.195,10.503,28.667,68.799,11.096,4.557,3.151,16.437,31.19,0.527"
2021-02-22T14:30:00.000-00:00,"2021-02-22 14:30,2136.727,1970.998,1678.109,1274.857,8.408,27.329,67.605,11.448,4.91,3.3,17.453,31.631,0.552"
2021-03-01T14:30:00.000-00:00,"2021-03-01 14:30,2230.001,2018.089,1697.82,1284.361,10.501,31.345,73.627,12.772,5.472,3.527,18.864,32.192,0.586"
2021-03-08T14:30:00.000-00:00,"2021-03-08 14:30,2120.332,2036.679,1712.909,1292.679,4.107,23.785,64.026,10.371,5.273,3.488,18.902,32.509,0.581"
2021-03-16T13:30:00.000-00:00,"2021-03-16 13:30,2085.2,2045.501,1726.205,1300.564,1.941,20.797,60.33,8.284,5.033,3.43,18.497,32.727,0.565"
2021-03-22T13:30:00.000-00:00,"2021-03-22 13:30,2065,2049.046,1738.305,1308.171,0.779,18.794,57.854,5.939,4.646,3.315,17.876,32.881,0.544"
2021-03-29T13:30:00.000-00:00,"2021-03-29 13:30,2122.368,2062.377,1752.022,1316.272,2.909,21.138,61.241,4.636,4.405,3.249,17.714,33.105,0.535"
2021-04-05T13:30:00.000-00:00,"2021-04-05 13:30,2282.5,2102.4,1770.967,1325.886,8.566,28.884,72.149,4.178,4.308,3.233,18.715,33.569,0.558"
2021-04-12T13:30:00.000-00:00,"2021-04-12 13:30,2274.5,2133.691,1788.951,1335.325,6.599,27.142,70.333,4.763,4.439,3.299,19.271,33.971,0.567"
2021-04-19T13:30:00.000-00:00,"2021-04-19 13:30,2282.65,2160.774,1806.583,1344.751,5.64,26.352,69.745,5.635,4.656,3.398,19.606,34.343,0.571"
2021-04-26T13:30:00.000-00:00,"2021-04-26 13:30,2384.46,2201.444,1827.221,1355.097,8.313,30.497,75.962,7.438,5.115,3.587,20.48,34.841,0.588"
2021-05-03T13:30:00.000-00:00,"2021-05-03 13:30,2348.36,2228.156,1845.833,1364.98,5.395,27.225,72.044,8.038,5.354,3.7,20.713,35.228,0.588"
2021-05-10T13:30:00.000-00:00,"2021-05-10 13:30,2259.862,2233.921,1860.62,1373.884,1.161,21.457,64.487,6.256,5.062,3.62,20.063,35.428,0.566"
2021-05-17T13:30:00.000-00:00,"2021-05-17 13:30,2290.62,2244.23,1875.977,1383.006,2.067,22.103,65.626,5.181,4.865,3.571,19.63,35.645,0.551"
2021-05-24T13:30:00.000-00:00,"2021-05-24 13:30,2357.101,2264.752,1893.16,1392.699,4.078,24.506,69.247,4.812,4.792,3.565,19.628,35.935,0.546"
2021-05-31T13:30:00.000-00:00,"2021-05-31 13:30,2389.85,2287.497,1910.899,1402.62,4.474,25.064,70.385,3.909,4.58,3.507,19.708,36.238,0.544"
2021-06-07T13:30:00.000-00:00,"2021-06-07 13:30,2411.5,2310.043,1928.778,1412.659,4.392,25.027,70.706,3.675,4.494,3.493,19.767,36.535,0.541"
2021-06-14T13:30:00.000-00:00,"2021-06-14 13:30,2489.4,2342.653,1948.8,1423.373,6.264,27.74,74.894,4.867,4.739,3.602,20.21,36.914,0.547"
2021-06-21T13:30:00.000-00:00,"2021-06-21 13:30,2433.98,2359.258,1966.128,1433.429,3.167,23.796,69.801,5.126,4.806,3.646,19.995,37.163,0.538"
2021-06-28T13:30:00.000-00:00,"2021-06-28 13:30,2479.172,2381.061,1984.451,1443.834,4.121,24.93,71.708,5.136,4.822,3.672,19.986,37.443,0.534"
2021-07-05T13:30:00.000-00:00,"2021-07-05 13:30,2493.883,2401.574,2002.645,1454.282,3.844,24.529,71.485,4.987,4.801,3.683,19.92,37.707,0.528"
2021-07-12T13:30:00.000-00:00,"2021-07-12 13:30,2531.064,2425.118,2021.517,1464.997,4.369,25.206,72.769,4.981,4.808,3.705,19.965,37.988,0.526"
2021-07-19T13:30:00.000-00:00,"2021-07-19 13:30,2669.406,2469.534,2044.656,1476.981,8.094,30.555,80.734,5.416,4.919,3.766,20.78,38.435,0.541"
2021-07-26T13:30:00.000-00:00,"2021-07-26 13:30,2684.453,2508.61,2067.506,1488.995,7.01,29.84,80.286,6.33,5.156,3.876,21.335,38.852,0.549"
2021-08-02T13:30:00.000-00:00,"2021-08-02 13:30,2729.999,2548.862,2091.166,1501.344,7.107,30.549,81.837,7.047,5.378,3.983,21.887,39.286,0.557"
2021-08-09T13:30:00.000-00:00,"2021-08-09 13:30,2735.25,2582.751,2114.169,1513.621,5.905,29.377,80.709,7.544,5.569,4.08,22.164,39.676,0.559"
2021-08-16T13:30:00.000-00:00,"2021-08-16 13:30,2795,2621.342,2138.485,1526.371,6.625,30.7,83.114,8.091,5.786,4.189,22.579,40.103,0.563"
2021-08-23T13:30:00.000-00:00,"2021-08-23 13:30,2915.144,2674.76,2166.222,1540.19,8.987,34.573,89.272,8.31,5.946,4.28,23.476,40.646,0.578"
2021-08-30T13:30:00.000-00:00,"2021-08-30 13:30,2864.556,2709.269,2191.163,1553.368,5.732,30.732,84.409,7.999,5.981,4.323,23.645,41.059,0.576"
2021-09-06T13:30:00.000-00:00,"2021-09-06 13:30,2800.001,2725.765,2212.907,1565.772,2.723,26.53,78.826,6.94,5.822,4.291,23.176,41.33,0.561"
2021-09-13T13:30:00.000-00:00,"2021-09-13 13:30,2816.5,2742.263,2234.464,1578.217,2.707,26.048,78.461,6.176,5.69,4.268,22.726,41.582,0.547"
2021-09-20T13:30:00.000-00:00,"2021-09-20 13:30,2849.289,2761.722,2256.422,1590.865,3.171,26.275,79.103,5.355,5.515,4.225,22.394,41.836,0.535"
2021-09-27T13:30:00.000-00:00,"2021-09-27 13:30,2790.001,2766.864,2275.478,1602.796,0.836,22.612,74.071,3.443,5.044,4.065,21.595,41.969,0.515"
2021-10-04T13:30:00.000-00:00,"2021-10-04 13:30,2889.5,2789.161,2297.408,1615.599,3.597,25.772,78.85,2.949,4.849,4.006,21.405,42.202,0.507"
2021-10-11T13:30:00.000-00:00,"2021-10-11 13:30,2870.002,2803.859,2317.858,1628.081,2.359,23.821,76.281,2.865,4.743,3.979,20.968,42.367,0.495"
2021-10-18T13:30:00.000-00:00,"2021-10-18 13:30,2774.401,2798.503,2334.163,1639.487,-0.861,18.861,69.224,2.051,4.462,3.882,19.893,42.372,0.469"
2021-10-25T13:30:00.000-00:00,"2021-10-25 13:30,3042.5,2842.866,2359.46,1653.448,7.022,28.949,84.009,2.938,4.566,3.934,20.488,42.699,0.48"
2021-11-01T13:30:00.000-00:00,"2021-11-01 13:30,3031,2877.072,2383.444,1667.155,5.35,27.169,81.807,3.983,4.745,4.015,20.711,42.965,0.482"
2021-11-08T14:30:00.000-00:00,"2021-11-08 14:30,3055,2909.423,2407.428,1680.964,5.004,26.899,81.741,4.312,4.789,4.046,20.852,43.217,0.482"
2021-11-16T14:30:00.000-00:00,"2021-11-16 14:30,3108.1,2945.546,2432.452,1695.164,5.519,27.776,83.351,5.053,4.944,4.12,21.094,43.494,0.485"
2021-11-22T14:30:00.000-00:00,"2021-11-22 14:30,3110,2975.447,2456.65,1709.242,4.522,26.595,81.952,6.323,5.248,4.255,21.118,43.727,0.483"
2021-11-29T14:30:00.000-00:00,"2021-11-29 14:30,3002,2980.275,2476.127,1722.106,0.729,21.238,74.321,4.833,4.945,4.152,20.36,43.785,0.465"
2021-12-06T14:30:00.000-00:00,"2021-12-06 14:30,3086.2,2999.534,2497.915,1735.679,2.889,23.551,77.809,4.256,4.803,4.11,20.081,43.916,0.457"
2021-12-13T14:30:00.000-00:00,"2021-12-13 14:30,2981,2996.164,2515.168,1748.07,-0.506,18.521,70.531,2.981,4.475,3.992,19.124,43.883,0.436"
2021-12-20T14:30:00.000-00:00,"2021-12-20 14:30,3049.999,3005.952,2534.27,1761.024,1.465,20.35,73.195,2.051,4.186,3.885,18.612,43.909,0.424"
2021-12-27T14:30:00.000-00:00,"2021-12-27 14:30,2989.999,3003.052,2550.546,1773.253,-0.435,17.23,68.617,0.928,3.822,3.745,17.742,43.834,0.405"
2022-01-03T14:30:00.000-00:00,"2022-01-03 14:30,2791.893,2964.659,2559.165,1783.389,-5.828,9.094,56.55,-0.524,3.354,3.559,15.845,43.5,0.364"
2022-01-10T14:30:00.000-00:00,"2022-01-10 14:30,2830.5,2940.267,2568.856,1793.808,-3.733,10.185,57.793,-1.976,2.84,3.349,14.458,43.207,0.335"
2022-01-17T14:30:00.000-00:00,"2022-01-17 14:30,2689,2894.582,2573.147,1802.715,-7.102,4.502,49.164,-3.39,2.305,3.126,12.492,42.737,0.292"
2022-01-24T14:30:00.000-00:00,"2022-01-24 14:30,2742.5,2866.931,2579.195,1812.066,-4.34,6.332,51.347,-4.625,1.773,2.898,11.156,42.334,0.264"
2022-01-31T14:30:00.000-00:00,"2022-01-31 14:30,2988,2888.943,2593.795,1823.767,3.429,15.198,63.837,-3.8,1.696,2.849,11.379,42.222,0.27"
2022-02-08T14:30:00.000-00:00,"2022-02-08 14:30,2753.154,2864.254,2599.486,1833.015,-3.879,5.911,50.198,-3.387,1.576,2.783,10.185,41.815,0.244"
2022-02-14T14:30:00.000-00:00,"2022-02-14 14:30,2656.025,2826.394,2601.506,1841.204,-6.028,2.096,44.255,-3.873,1.271,2.642,8.645,41.294,0.209"
2022-02-21T14:30:00.000-00:00,"2022-02-21 14:30,2722.65,2807.532,2605.832,1849.974,-3.023,4.483,47.172,-3.007,1.27,2.622,7.74,40.858,0.189"
2022-02-28T14:30:00.000-00:00,"2022-02-28 14:30,2757.25,2798.39,2611.24,1859.002,-1.47,5.592,48.319,-2.391,1.242,2.59,7.167,40.465,0.177"
2022-03-07T14:30:00.000-00:00,"2022-03-07 14:30,2720.5,2784.228,2615.142,1867.574,-2.289,4.029,45.67,-3.625,0.823,2.402,6.466,40.029,0.162"
2022-03-14T13:30:00.000-00:00,"2022-03-14 13:30,2762.5,2780.277,2620.405,1876.479,-0.639,5.423,47.217,-2.932,0.805,2.371,6.101,39.645,0.154"
2022-03-22T13:30:00.000-00:00,"2022-03-22 13:30,2827.5,2788.863,2627.801,1885.942,1.385,7.599,49.925,-1.328,1.011,2.43,6.129,39.336,0.156"
2022-03-28T13:30:00.000-00:00,"2022-03-28 13:30,2772.5,2785.888,2632.969,1894.763,-0.481,5.299,46.324,-0.771,1.041,2.421,5.808,38.96,0.149"
2022-04-04T13:30:00.000-00:00,"2022-04-04 13:30,2676.5,2765.999,2634.524,1902.542,-3.236,1.593,40.68,-1.157,0.892,2.342,4.99,38.474,0.13"
2022-04-11T13:30:00.000-00:00,"2022-04-11 13:30,2571.4,2730.618,2632.269,1909.197,-5.831,-2.312,34.685,-1.925,0.655,2.229,3.736,37.873,0.099"
2022-04-18T13:30:00.000-00:00,"2022-04-18 13:30,2437.147,2677.259,2625.301,1914.45,-8.969,-7.167,27.303,-3.705,0.187,2.024,1.979,37.131,0.053"
2022-04-25T13:30:00.000-00:00,"2022-04-25 13:30,2345.07,2616.861,2615.292,1918.735,-10.386,-10.332,22.22,-6.167,-0.476,1.739,0.06,36.303,0.002"
2022-05-02T13:30:00.000-00:00,"2022-05-02 13:30,2317,2562.341,2604.639,1922.698,-9.575,-11.043,20.508,-8.024,-1.076,1.474,-1.624,35.468,-0.046"
2022-05-09T13:30:00.000-00:00,"2022-05-09 13:30,2318.125,2517.938,2594.406,1926.632,-7.936,-10.649,20.32,-8.968,-1.523,1.266,-2.947,34.66,-0.085"
2022-05-16T13:30:00.000-00:00,"2022-05-16 13:30,2107.601,2443.331,2577.021,1928.433,-13.741,-18.216,9.291,-10.521,-2.099,1.008,-5.188,33.633,-0.154"
2022-05-23T13:30:00.000-00:00,"2022-05-23 13:30,2187.906,2396.89,2563.124,1931.015,-8.719,-14.639,13.303,-10.472,-2.368,0.865,-6.486,32.735,-0.198"
2022-05-30T13:30:00.000-00:00,"2022-05-30 13:30,2230.725,2366.679,2551.252,1933.997,-5.744,-12.564,15.343,-9.56,-2.449,0.795,-7.235,31.916,-0.227"
2022-06-06T13:30:00.000-00:00,"2022-06-06 13:30,2224.193,2340.772,2539.572,1936.885,-4.98,-12.419,14.834,-8.647,-2.498,0.738,-7.828,31.116,-0.252"
2022-06-13T13:30:00.000-00:00,"2022-06-13 13:30,2193.268,2313.953,2527.204,1939.436,-5.216,-13.214,13.088,-8.101,-2.59,0.665,-8.438,30.306,-0.278"
2022-06-20T13:30:00.000-00:00,"2022-06-20 13:30,2327,2316.325,2520.053,1943.292,0.461,-7.661,19.745,-5.198,-2.211,0.771,-8.084,29.68,-0.272"
2022-06-27T13:30:00.000-00:00,"2022-06-27 13:30,2226.945,2300.074,2509.585,1946.115,-3.179,-11.262,14.43,-4.039,-2.089,0.782,-8.348,28.954,-0.288"
2022-07-04T13:30:00.000-00:00,"2022-07-04 13:30,2445,2326.424,2507.279,1951.079,5.097,-2.484,25.315,-1.701,-1.724,0.883,-7.213,28.507,-0.253"
2022-07-11T13:30:00.000-00:00,"2022-07-11 13:30,2292.154,2320.193,2499.596,1954.472,-1.209,-8.299,17.277,-0.879,-1.574,0.908,-7.177,27.891,-0.257"
2022-07-18T13:30:00.000-00:00,"2022-07-18 13:30,2213.71,2300.833,2489.385,1957.052,-3.787,-11.074,13.115,-0.567,-1.496,0.908,-7.574,27.201,-0.278"
2022-07-25T13:30:00.000-00:00,"2022-07-25 13:30,2375.21,2314.356,2485.308,1961.213,2.629,-4.43,21.109,-0.085,-1.379,0.922,-6.878,26.723,-0.257"
2022-08-01T13:30:00.000-00:00,"2022-08-01 13:30,2399.96,2329.92,2482.26,1965.578,3.006,-3.316,22.099,1.298,-1.089,1,-6.137,26.286,-0.233"
2022-08-08T13:30:00.000-00:00,"2022-08-08 13:30,2413,2345.026,2479.786,1970.03,2.899,-2.693,22.485,0.8,-1.097,0.971,-5.434,25.876,-0.21"
2022-08-15T13:30:00.000-00:00,"2022-08-15 13:30,2361.7,2348.057,2475.569,1973.927,0.581,-4.6,19.645,1.201,-0.961,0.995,-5.151,25.413,-0.203"
2022-08-22T13:30:00.000-00:00,"2022-08-22 13:30,2210.47,2323.041,2466.101,1976.281,-4.846,-10.366,11.85,0.965,-0.935,0.983,-5.801,24.785,-0.234"
2022-08-29T13:30:00.000-00:00,"2022-08-29 13:30,2148.9,2291.379,2454.772,1977.999,-6.218,-12.46,8.64,-0.993,-1.229,0.856,-6.656,24.104,-0.276"
2022-09-05T13:30:00.000-00:00,"2022-09-05 13:30,2203.49,2275.399,2445.798,1980.242,-3.16,-9.907,11.274,-2.34,-1.469,0.746,-6.967,23.51,-0.296"
2022-09-12T13:30:00.000-00:00,"2022-09-12 13:30,2064.97,2237.14,2432.197,1981.085,-7.696,-15.099,4.234,-4.601,-1.919,0.561,-8.02,22.771,-0.352"
2022-09-19T13:30:00.000-00:00,"2022-09-19 13:30,1983.64,2191.049,2416.177,1981.111,-9.466,-17.902,0.128,-6.687,-2.399,0.364,-9.318,21.961,-0.424"
2022-09-26T13:30:00.000-00:00,"2022-09-26 13:30,1933.37,2144.198,2398.934,1980.636,-9.832,-19.407,-2.386,-7.699,-2.724,0.22,-10.619,21.119,-0.503"
2022-10-03T13:30:00.000-00:00,"2022-10-03 13:30,2001.15,2118.189,2384.727,1980.84,-5.525,-16.085,1.025,-7.558,-2.853,0.144,-11.177,20.39,-0.548"
2022-10-10T13:30:00.000-00:00,"2022-10-10 13:30,1943.8,2086.482,2368.98,1980.471,-6.838,-17.948,-1.852,-8.303,-3.141,0.012,-11.925,19.617,-0.608"
2022-10-17T13:30:00.000-00:00,"2022-10-17 13:30,2017.01,2073.851,2356.41,1980.835,-2.741,-14.403,1.826,-7.299,-3.116,-0.013,-11.991,18.96,-0.632"
2022-10-24T13:30:00.000-00:00,"2022-10-24 13:30,1907.07,2043.527,2340.362,1980.101,-6.678,-18.514,-3.688,-6.733,-3.138,-0.051,-12.683,18.194,-0.697"
2022-10-31T13:30:00.000-00:00,"2022-10-31 13:30,1687.44,1978.784,2317.043,1977.189,-14.723,-27.173,-14.655,-7.714,-3.414,-0.174,-14.599,17.189,-0.849"
2022-11-07T14:30:00.000-00:00,"2022-11-07 14:30,1881,1961.005,2301.47,1976.232,-4.08,-18.27,-4.819,-7.421,-3.491,-0.233,-14.793,16.457,-0.899"
2022-11-14T14:30:00.000-00:00,"2022-11-14 14:30,1895.17,1949.035,2286.959,1975.425,-2.764,-17.131,-4.063,-6.588,-3.462,-0.255,-14.776,15.77,-0.937"
2022-11-22T14:30:00.000-00:00,"2022-11-22 14:30,1886.99,1937.754,2272.675,1974.545,-2.62,-16.971,-4.434,-6.563,-3.553,-0.318,-14.737,15.099,-0.976"
2022-11-28T14:30:00.000-00:00,"2022-11-28 14:30,1949.74,1939.933,2261.141,1974.298,0.506,-13.772,-1.244,-5.069,-3.385,-0.293,-14.206,14.529,-0.978"
2022-12-05T14:30:00.000-00:00,"2022-12-05 14:30,1841.36,1922.011,2246.149,1972.976,-4.196,-18.021,-6.671,-2.869,-3.06,-0.213,-14.431,13.846,-1.042"
2022-12-13T14:30:00.000-00:00,"2022-12-13 14:30,1796.37,1899.167,2230.086,1971.218,-5.413,-19.448,-8.87,-3.153,-3.102,-0.254,-14.839,13.132,-1.13"
2022-12-19T14:30:00.000-00:00,"2022-12-19 14:30,1735,1869.319,2212.404,1968.868,-7.185,-21.579,-11.878,-4.09,-3.26,-0.332,-15.507,12.369,-1.254"
2022-12-26T14:30:00.000-00:00,"2022-12-26 14:30,1719.8,1842.133,2194.811,1966.39,-6.641,-21.642,-12.54,-4.935,-3.426,-0.413,-16.069,11.616,-1.383"
2023-01-02T14:30:00.000-00:00,"2023-01-02 14:30,1675.63,1811.86,2176.269,1963.497,-7.519,-23.004,-14.661,-6.602,-3.754,-0.547,-16.745,10.836,-1.545"
2023-01-09T14:30:00.000-00:00,"2023-01-09 14:30,1729.62,1796.907,2160.317,1961.169,-3.745,-19.937,-11.807,-6.509,-3.821,-0.598,-16.822,10.155,-1.657"
2023-01-16T14:30:00.000-00:00,"2023-01-16 14:30,1846.42,1805.91,2149.106,1960.028,2.243,-14.084,-5.796,-4.91,-3.631,-0.568,-15.969,9.647,-1.655"
2023-01-23T14:30:00.000-00:00,"2023-01-23 14:30,1868,1817.199,2139.067,1959.112,2.796,-12.672,-4.651,-2.788,-3.315,-0.496,-15.047,9.186,-1.638"
2023-01-30T14:30:00.000-00:00,"2023-01-30 14:30,1985.61,1847.819,2133.586,1959.376,7.457,-6.936,1.339,0.309,-2.79,-0.357,-13.394,8.891,-1.506"
2023-02-07T14:30:00.000-00:00,"2023-02-07 14:30,1765.08,1832.776,2120.425,1957.442,-3.694,-16.758,-9.827,1.154,-2.566,-0.308,-13.566,8.326,-1.629"
2023-02-13T14:30:00.000-00:00,"2023-02-13 14:30,1730.18,1814.122,2106.488,1955.181,-4.627,-17.864,-11.508,0.958,-2.492,-0.305,-13.879,7.739,-1.793"
2023-02-20T14:30:00.000-00:00,"2023-02-20 14:30,1642.81,1782.974,2089.928,1952.073,-7.861,-21.394,-15.843,-1.27,-2.754,-0.406,-14.687,7.062,-2.08"
2023-02-27T14:30:00.000-00:00,"2023-02-27 14:30,1686.5,1765.433,2075.52,1949.43,-4.471,-18.743,-13.488,-2.849,-2.971,-0.494,-14.94,6.468,-2.31"
2023-03-06T14:30:00.000-00:00,"2023-03-06 14:30,1674.04,1748.816,2061.181,1946.69,-4.276,-18.783,-14.006,-5.358,-3.394,-0.647,-15.155,5.881,-2.577"
2023-03-13T13:30:00.000-00:00,"2023-03-13 13:30,1920.92,1780.108,2056.172,1946.434,7.91,-6.578,-1.311,-2.874,-3.03,-0.562,-13.426,5.638,-2.381"
2023-03-21T13:30:00.000-00:00,"2023-03-21 13:30,1940.2,1809.216,2052.03,1946.372,7.24,-5.45,-0.317,-0.27,-2.585,-0.451,-11.833,5.428,-2.18"
2023-03-27T13:30:00.000-00:00,"2023-03-27 13:30,1862.63,1818.927,2045.266,1945.538,2.403,-8.93,-4.261,2.016,-2.137,-0.335,-11.066,5.126,-2.159"
2023-04-03T13:30:00.000-00:00,"2023-04-03 13:30,1910.28,1835.537,2040.445,1945.188,4.072,-6.379,-1.795,3.971,-1.69,-0.218,-10.042,4.897,-2.051"
2023-04-10T13:30:00.000-00:00,"2023-04-10 13:30,1960.96,1858.341,2037.606,1945.345,5.522,-3.762,0.803,6.263,-1.144,-0.069,-8.798,4.743,-1.855"
2023-04-17T13:30:00.000-00:00,"2023-04-17 13:30,1883.04,1862.832,2032.086,1944.725,1.085,-7.335,-3.172,4.647,-1.171,-0.088,-8.329,4.492,-1.854"
2023-04-24T13:30:00.000-00:00,"2023-04-24 13:30,1926,1874.317,2028.297,1944.538,2.757,-5.044,-0.953,3.598,-1.157,-0.094,-7.592,4.307,-1.762"
2023-05-02T13:30:00.000-00:00,"2023-05-02 13:30,1880,1875.35,2023.001,1943.896,0.248,-7.069,-3.287,3.102,-1.089,-0.084,-7.299,4.069,-1.794"
2023-05-08T13:30:00.000-00:00,"2023-05-08 13:30,2064.79,1909.794,2024.493,1945.099,8.116,1.99,6.153,4.046,-0.782,-0.005,-5.666,4.082,-1.388"
2023-05-15T13:30:00.000-00:00,"2023-05-15 13:30,2176.58,1958.3,2029.925,1947.402,11.146,7.225,11.768,5.379,-0.377,0.106,-3.528,4.238,-0.833"
2023-05-22T13:30:00.000-00:00,"2023-05-22 13:30,2203,2002.791,2036.106,1949.946,9.996,8.197,12.978,7.513,0.198,0.268,-1.636,4.419,-0.37"
2023-05-29T13:30:00.000-00:00,"2023-05-29 13:30,2191.64,2037.127,2041.661,1952.351,7.585,7.346,12.256,8.686,0.659,0.402,-0.222,4.575,-0.049"
2023-06-05T13:30:00.000-00:00,"2023-06-05 13:30,2114.78,2051.246,2044.272,1953.967,3.097,3.449,8.23,9.379,1.051,0.518,0.341,4.622,0.074"
2023-06-12T13:30:00.000-00:00,"2023-06-12 13:30,2110.41,2062.003,2046.635,1955.523,2.348,3.116,7.92,7.97,1.094,0.536,0.751,4.659,0.161"
2023-06-19T13:30:00.000-00:00,"2023-06-19 13:30,2098.89,2068.71,2048.501,1956.95,1.459,2.46,7.253,5.638,0.915,0.49,0.987,4.678,0.211"
2023-06-26T13:30:00.000-00:00,"2023-06-26 13:30,2057.85,2066.735,2048.835,1957.954,-0.43,0.44,5.102,3.193,0.625,0.411,0.874,4.642,0.188"
2023-07-03T13:30:00.000-00:00,"2023-07-03 13:30,2055,2064.602,2049.055,1958.92,-0.465,0.29,4.905,1.349,0.362,0.336,0.759,4.601,0.165"
2023-07-10T13:30:00.000-00:00,"2023-07-10 13:30,2093.01,2069.767,2050.625,1960.254,1.123,2.067,6.772,0.903,0.311,0.322,0.933,4.61,0.202"
2023-07-17T13:30:00.000-00:00,"2023-07-17 13:30,2029.37,2062.422,2049.866,1960.941,-1.603,-1,3.49,0.02,0.158,0.277,0.613,4.535,0.135"
2023-07-24T13:30:00.000-00:00,"2023-07-24 13:30,2214.7,2090.109,2055.753,1963.466,5.961,7.732,12.795,1.034,0.354,0.333,1.671,4.7,0.356"
2023-07-31T13:30:00.000-00:00,"2023-07-31 13:30,2188.48,2107.994,2060.493,1965.705,3.818,6.211,11.333,1.996,0.569,0.396,2.305,4.822,0.478"
2023-08-07T13:30:00.000-00:00,"2023-08-07 13:30,2202.83,2125.237,2065.576,1968.065,3.651,6.645,11.929,2.937,0.806,0.467,2.888,4.955,0.583"
2023-08-14T13:30:00.000-00:00,"2023-08-14 13:30,2175.58,2134.391,2069.505,1970.13,1.93,5.126,10.428,3.122,0.921,0.504,3.135,5.044,0.622"
2023-08-21T13:30:00.000-00:00,"2023-08-21 13:30,2169.66,2140.803,2073.082,1972.115,1.348,4.659,10.017,3.8,1.133,0.57,3.267,5.12,0.638"
2023-08-28T13:30:00.000-00:00,"2023-08-28 13:30,2304.66,2170.595,2081.353,1975.424,6.176,10.729,16.667,3.851,1.245,0.609,4.288,5.362,0.8"
2023-09-04T13:30:00.000-00:00,"2023-09-04 13:30,2395.4,2211.469,2092.569,1979.603,8.317,14.472,21.004,4.909,1.557,0.707,5.682,5.706,0.996"
2023-09-11T13:30:00.000-00:00,"2023-09-11 13:30,2339.82,2234.805,2101.399,1983.187,4.699,11.346,17.983,5.156,1.734,0.768,6.348,5.961,1.065"
2023-09-18T13:30:00.000-00:00,"2023-09-18 13:30,2238.85,2235.541,2106.308,1985.731,0.148,6.293,12.747,4.739,1.778,0.792,6.136,6.072,1.01"
2023-09-25T13:30:00.000-00:00,"2023-09-25 13:30,2285.09,2244.55,2112.693,1988.71,1.806,8.16,14.903,4.846,1.911,0.841,6.241,6.234,1.001"
2023-10-02T13:30:00.000-00:00,"2023-10-02 13:30,2505.22,2291.944,2126.712,1993.849,9.305,17.798,25.647,5.591,2.179,0.933,7.769,6.664,1.166"
2023-10-09T13:30:00.000-00:00,"2023-10-09 13:30,2479.6,2326.064,2139.315,1998.682,6.601,15.906,24.062,5.182,2.234,0.964,8.729,7.036,1.241"
2023-10-16T13:30:00.000-00:00,"2023-10-16 13:30,2462.3,2350.834,2150.85,2003.296,4.742,14.48,22.912,5.192,2.353,1.014,9.298,7.366,1.262"
2023-10-23T13:30:00.000-00:00,"2023-10-23 13:30,2211.88,2325.57,2153.03,2005.371,-4.889,2.733,10.298,4.027,2.218,0.989,8.014,7.363,1.088"
2023-10-30T13:30:00.000-00:00,"2023-10-30 13:30,2253.04,2312.382,2156.602,2007.835,-2.566,4.472,12.212,3.022,2.078,0.962,7.223,7.409,0.975"
2023-11-06T14:30:00.000-00:00,"2023-11-06 14:30,2339.05,2317.231,2163.118,2011.131,0.942,8.133,16.305,1.103,1.712,0.867,7.125,7.557,0.943"
2023-11-13T14:30:00.000-00:00,"2023-11-13 14:30,2330.63,2319.667,2169.1,2014.31,0.473,7.447,15.704,-0.275,1.392,0.782,6.941,7.685,0.903"
2023-11-21T14:30:00.000-00:00,"2023-11-21 14:30,2335.5,2322.546,2175.043,2017.506,0.558,7.377,15.762,-1.203,1.125,0.709,6.782,7.809,0.868"
2023-11-27T14:30:00.000-00:00,"2023-11-27 14:30,2266.38,2312.334,2178.305,2019.982,-1.987,4.043,12.198,-0.569,1.174,0.729,6.153,7.838,0.785"
2023-12-04T14:30:00.000-00:00,"2023-12-04 14:30,2348.23,2318.86,2184.374,2023.249,1.267,7.501,16.062,0.28,1.288,0.768,6.157,7.964,0.773"
2023-12-11T14:30:00.000-00:00,"2023-12-11 14:30,2283.29,2312.393,2187.907,2025.836,-1.259,4.36,12.709,-0.209,1.146,0.731,5.69,8,0.711"
2023-12-18T14:30:00.000-00:00,"2023-12-18 14:30,2400,2328.322,2195.481,2029.559,3.079,9.315,18.252,0.373,1.216,0.757,6.051,8.175,0.74"
2023-12-26T14:30:00.000-00:00,"2023-12-26 14:30,2369.39,2335.789,2201.692,2032.94,1.439,7.617,16.55,0.57,1.225,0.765,6.091,8.301,0.734"
2024-01-02T14:30:00.000-00:00,"2024-01-02 14:30,2287.59,2327.025,2204.76,2035.474,-1.695,3.757,12.386,0.635,1.214,0.767,5.546,8.317,0.667"
2024-01-08T14:30:00.000-00:00,"2024-01-08 14:30,2408,2341.748,2212.019,2039.181,2.829,8.86,18.087,0.987,1.266,0.787,5.865,8.476,0.692"
2024-01-15T14:30:00.000-00:00,"2024-01-15 14:30,2498.2,2370.194,2222.239,2043.748,5.401,12.418,22.236,2.5,1.569,0.884,6.658,8.734,0.762"
2024-01-22T14:30:00.000-00:00,"2024-01-22 14:30,2607.22,2413.289,2235.989,2049.355,8.036,16.603,27.221,3.649,1.845,0.975,7.929,9.107,0.871"
2024-01-29T14:30:00.000-00:00,"2024-01-29 14:30,2439.78,2418.106,2243.267,2053.24,0.896,8.76,18.826,3.524,1.888,0.999,7.794,9.255,0.842"
2024-02-06T14:30:00.000-00:00,"2024-02-06 14:30,2544.09,2441.012,2254.011,2058.124,4.223,12.869,23.612,4.898,2.234,1.113,8.296,9.518,0.872"
2024-02-12T14:30:00.000-00:00,"2024-02-12 14:30,2398.54,2433.29,2259.172,2061.511,-1.428,6.169,16.349,3.909,2.132,1.095,7.707,9.588,0.804"
2024-02-19T14:30:00.000-00:00,"2024-02-19 14:30,2460.54,2438.244,2266.364,2065.482,0.914,8.568,19.127,2.871,1.986,1.063,7.584,9.726,0.78"
2024-02-26T14:30:00.000-00:00,"2024-02-26 14:30,2333.77,2419.249,2268.771,2068.151,-3.533,2.865,12.843,0.247,1.466,0.917,6.633,9.7,0.684"
2024-03-04T14:30:00.000-00:00,"2024-03-04 14:30,2281.23,2394.155,2269.216,2070.271,-4.717,0.529,10.19,-0.99,1.157,0.829,5.506,9.61,0.573"
2024-03-11T13:30:00.000-00:00,"2024-03-11 13:30,2357.11,2387.419,2272.356,2073.125,-1.27,3.73,13.698,-2.196,0.814,0.729,5.064,9.61,0.527"
2024-03-19T13:30:00.000-00:00,"2024-03-19 13:30,2531.09,2413.541,2281.596,2077.682,4.87,10.935,21.823,-0.812,0.993,0.784,5.783,9.814,0.589"
2024-03-25T13:30:00.000-00:00,"2024-03-25 13:30,2498.51,2428.99,2289.343,2081.87,2.862,9.137,20.013,-0.38,1.014,0.793,6.1,9.966,0.612"
2024-04-01T13:30:00.000-00:00,"2024-04-01 13:30,2508.42,2443.432,2297.167,2086.114,2.66,9.196,20.244,1,1.252,0.869,6.367,10.117,0.629"
2024-04-08T13:30:00.000-00:00,"2024-04-08 13:30,2623.2,2476.117,2308.811,2091.458,5.94,13.617,25.424,3.423,1.745,1.023,7.246,10.392,0.697"
2024-04-15T13:30:00.000-00:00,"2024-04-15 13:30,2628.01,2503.734,2320.211,2096.797,4.964,13.266,25.335,4.872,2.106,1.142,7.91,10.655,0.742"
2024-04-22T13:30:00.000-00:00,"2024-04-22 13:30,2946.41,2584.22,2342.575,2105.251,14.015,25.777,39.955,7.072,2.673,1.327,10.315,11.273,0.915"
2024-04-29T13:30:00.000-00:00,"2024-04-29 13:30,2837.15,2630.208,2360.239,2112.533,7.868,20.206,34.301,8.284,3.097,1.473,11.438,11.726,0.975"
2024-05-06T13:30:00.000-00:00,"2024-05-06 13:30,2826.06,2665.817,2376.875,2119.633,6.011,18.898,33.328,9.101,3.47,1.607,12.156,12.136,1.002"
2024-05-13T13:30:00.000-00:00,"2024-05-13 13:30,2923.28,2712.629,2396.39,2127.63,7.766,21.987,37.396,9.552,3.793,1.729,13.196,12.632,1.045"
2024-05-20T13:30:00.000-00:00,"2024-05-20 13:30,2919.22,2750.191,2415.062,2135.506,6.146,20.876,36.699,9.844,4.088,1.846,13.877,13.091,1.06"
2024-05-27T13:30:00.000-00:00,"2024-05-27 13:30,2919.76,2781.021,2433.087,2143.31,4.989,20.002,36.227,7.615,3.864,1.808,14.3,13.52,1.058"
2024-06-03T13:30:00.000-00:00,"2024-06-03 13:30,3214.29,2859.798,2460.987,2153.966,12.396,30.61,49.227,8.729,4.269,1.961,16.205,14.254,1.137"
2024-06-10T13:30:00.000-00:00,"2024-06-10 13:30,3255.78,2931.794,2489.373,2164.929,11.051,30.787,50.387,9.977,4.733,2.137,17.772,14.986,1.186"
2024-06-17T13:30:00.000-00:00,"2024-06-17 13:30,3259.19,2991.321,2516.866,2175.818,8.955,29.494,49.792,10.274,5.027,2.265,18.851,15.674,1.203"
2024-06-24T13:30:00.000-00:00,"2024-06-24 13:30,3351.57,3056.821,2546.677,2187.517,9.642,31.606,53.213,11.149,5.45,2.436,20.032,16.419,1.22"
2024-07-01T13:30:00.000-00:00,"2024-07-01 13:30,3450,3128.308,2578.939,2200.079,10.283,33.776,56.813,12.488,5.995,2.649,21.302,17.22,1.237"
2024-07-08T13:30:00.000-00:00,"2024-07-08 13:30,3275,3154.979,2603.798,2210.774,3.804,25.778,48.138,10.322,5.803,2.637,21.168,17.778,1.191"
2024-07-15T13:30:00.000-00:00,"2024-07-15 13:30,3212.68,3165.47,2625.544,2220.744,1.491,22.362,44.667,7.97,5.47,2.578,20.564,18.228,1.128"
2024-07-22T13:30:00.000-00:00,"2024-07-22 13:30,3078.19,3149.601,2641.71,2229.275,-2.267,16.523,38.08,5.291,4.96,2.457,19.226,18.501,1.039"
2024-07-29T13:30:00.000-00:00,"2024-07-29 13:30,3178.16,3154.794,2660.869,2238.717,0.741,19.441,41.963,3.205,4.484,2.341,18.563,18.857,0.984"
2024-08-05T13:30:00.000-00:00,"2024-08-05 13:30,3081.19,3141.411,2675.88,2247.1,-1.917,15.147,37.119,0.419,3.759,2.137,17.397,19.081,0.912"
2024-08-12T13:30:00.000-00:00,"2024-08-12 13:30,3037.53,3122.524,2688.796,2254.965,-2.722,12.97,34.704,-1.029,3.264,1.999,16.131,19.239,0.838"
2024-08-19T13:30:00.000-00:00,"2024-08-19 13:30,3159.74,3129.29,2705.616,2263.968,0.973,16.785,39.566,-1.143,3.05,1.946,15.659,19.508,0.803"
2024-08-26T13:30:00.000-00:00,"2024-08-26 13:30,3200,3142.147,2723.272,2273.281,1.841,17.506,40.766,-0.237,3.087,1.974,15.381,19.795,0.777"
2024-09-02T13:30:00.000-00:00,"2024-09-02 13:30,3021.77,3120.26,2733.933,2280.729,-3.156,10.528,32.491,-1.095,2.746,1.877,14.131,19.871,0.711"
2024-09-09T13:30:00.000-00:00,"2024-09-09 13:30,3032.92,3104.38,2744.611,2288.213,-2.302,10.505,32.545,-1.179,2.569,1.83,13.108,19.946,0.657"
2024-09-17T13:30:00.000-00:00,"2024-09-17 13:30,3164.7,3115.347,2759.614,2296.935,1.584,14.679,37.779,-0.23,2.634,1.861,12.891,20.143,0.64"
2024-09-23T13:30:00.000-00:00,"2024-09-23 13:30,3223.83,3135.071,2776.193,2306.158,2.831,16.124,39.792,0.185,2.609,1.864,12.927,20.382,0.634"
2024-09-30T13:30:00.000-00:00,"2024-09-30 13:30,3215.94,3149.775,2791.898,2315.21,2.101,15.188,38.905,0.243,2.52,1.844,12.818,20.589,0.623"
2024-10-07T13:30:00.000-00:00,"2024-10-07 13:30,3156.21,3150.945,2804.91,2323.578,0.167,12.524,35.834,0.983,2.596,1.879,12.337,20.715,0.596"
2024-10-14T13:30:00.000-00:00,"2024-10-14 13:30,3245.39,3168.117,2820.641,2332.751,2.439,15.059,39.123,2.053,2.77,1.946,12.319,20.915,0.589"
2024-10-21T13:30:00.000-00:00,"2024-10-21 13:30,3298,3191.732,2837.69,2342.355,3.329,16.221,40.798,2.452,2.829,1.977,12.476,21.147,0.59"
2024-10-28T13:30:00.000-00:00,"2024-10-28 13:30,3475.04,3243.242,2860.452,2353.626,7.147,21.486,47.646,3.45,3.035,2.058,13.382,21.534,0.621"
2024-11-04T14:30:00.000-00:00,"2024-11-04 14:30,3597.09,3307.578,2886.761,2365.998,8.753,24.606,52.033,5.01,3.398,2.194,14.578,22.01,0.662"
2024-11-11T14:30:00.000-00:00,"2024-11-11 14:30,3514.62,3345.222,2909.184,2377.427,5.064,20.811,47.833,6.166,3.718,2.318,14.988,22.367,0.67"
2024-11-19T14:30:00.000-00:00,"2024-11-19 14:30,3379.99,3351.544,2925.999,2387.403,0.849,15.516,41.576,5.79,3.735,2.343,14.544,22.56,0.645"
2024-11-25T14:30:00.000-00:00,"2024-11-25 14:30,3440,3367.627,2944.356,2397.877,2.149,16.834,43.46,5.511,3.759,2.37,14.376,22.79,0.631"
2024-12-02T14:30:00.000-00:00,"2024-12-02 14:30,3527.3,3396.658,2965.175,2409.115,3.846,18.958,46.415,4.73,3.661,2.358,14.552,23.082,0.63"
2024-12-09T14:30:00.000-00:00,"2024-12-09 14:30,3829.74,3475.4,2996.053,2423.25,10.196,27.826,58.041,5.074,3.786,2.42,15.999,23.638,0.677"
2024-12-16T14:30:00.000-00:00,"2024-12-16 14:30,3838.78,3541.469,3026.15,2437.335,8.395,26.854,57.499,5.866,4.021,2.52,17.029,24.158,0.705"
2024-12-23T14:30:00.000-00:00,"2024-12-23 14:30,3914.64,3609.319,3057.882,2452.035,8.459,28.018,59.649,7.691,4.507,2.707,18.033,24.708,0.73"
2024-12-30T14:30:00.000-00:00,"2024-12-30 14:30,3953.04,3671.813,3089.852,2466.97,7.659,27.936,60.239,9.033,4.942,2.881,18.835,25.249,0.746"
2025-01-06T14:30:00.000-00:00,"2025-01-06 14:30,3978.97,3727.66,3121.606,2482.015,6.742,27.465,60.312,9.745,5.276,3.026,19.415,25.769,0.753"
2025-01-13T14:30:00.000-00:00,"2025-01-13 14:30,4073.32,3790.507,3155.596,2497.849,7.461,29.082,63.073,9.067,5.325,3.078,20.12,26.333,0.764"
2025-01-20T14:30:00.000-00:00,"2025-01-20 14:30,4053.7,3838.361,3187.671,2513.33,5.61,27.168,61.288,8.383,5.338,3.118,20.413,26.831,0.761"
2025-01-27T14:30:00.000-00:00,"2025-01-27 14:30,4215.91,3907.006,3224.394,2530.271,7.906,30.75,66.619,8.248,5.445,3.191,21.17,27.433,0.772"
2025-02-04T14:30:00.000-00:00,"2025-02-04 14:30,3807.19,3888.858,3245.208,2542.977,-2.1,17.317,49.714,5.911,5.028,3.081,19.834,27.615,0.718"
2025-02-10T14:30:00.000-00:00,"2025-02-10 14:30,3759.68,3865.371,3263.582,2555.083,-2.734,15.201,47.145,3.694,4.548,2.944,18.44,27.729,0.665"
2025-02-17T14:30:00.000-00:00,"2025-02-17 14:30,3669.78,3829.809,3278.089,2566.175,-4.179,11.949,43.006,1.037,3.882,2.735,16.831,27.742,0.607"
2025-02-24T14:30:00.000-00:00,"2025-02-24 14:30,3463.11,3763.136,3284.697,2575.099,-7.973,5.432,34.485,-1.96,3.044,2.458,14.566,27.556,0.529"
2025-03-03T14:30:00.000-00:00,"2025-03-03 14:30,3521.17,3719.142,3293.142,2584.513,-5.323,6.924,36.241,-4.808,2.132,2.144,12.936,27.418,0.472"
2025-03-10T13:30:00.000-00:00,"2025-03-10 13:30,3294.01,3641.846,3293.173,2591.573,-9.551,0.025,27.105,-6.352,1.478,1.911,10.588,27.072,0.391"
2025-03-18T13:30:00.000-00:00,"2025-03-18 13:30,3302.11,3580.075,3293.492,2598.643,-7.764,0.262,27.071,-7.381,0.916,1.705,8.701,26.739,0.325"
2025-03-24T13:30:00.000-00:00,"2025-03-24 13:30,3143.83,3500.758,3288.147,2604.067,-10.196,-4.389,20.728,-8.592,0.307,1.477,6.466,26.27,0.246"
2025-03-31T13:30:00.000-00:00,"2025-03-31 13:30,3023.52,3413.988,3278.696,2608.241,-11.437,-7.783,15.922,-9.278,-0.183,1.287,4.126,25.705,0.161"
2025-04-07T13:30:00.000-00:00,"2025-04-07 13:30,3190,3373.263,3275.529,2614.03,-5.433,-2.611,22.034,-9.3,-0.535,1.142,2.984,25.306,0.118"
2025-04-14T13:30:00.000-00:00,"2025-04-14 13:30,3048.93,3314.293,3267.436,2618.357,-8.007,-6.687,16.444,-8.994,-0.782,1.034,1.434,24.79,0.058"
2025-04-21T13:30:00.000-00:00,"2025-04-21 13:30,3157.73,3285.827,3263.518,2623.724,-3.898,-3.242,20.353,-8.219,-0.91,0.965,0.684,24.385,0.028"
2025-04-28T13:30:00.000-00:00,"2025-04-28 13:30,3218.14,3273.52,3261.897,2629.639,-1.692,-1.341,22.38,-6.491,-0.798,0.982,0.356,24.044,0.015"
2025-05-05T13:30:00.000-00:00,"2025-05-05 13:30,2970.68,3218.458,3251.497,2633.032,-7.699,-8.637,12.824,-5.727,-0.83,0.95,-1.016,23.489,-0.043"
2025-05-12T13:30:00.000-00:00,"2025-05-12 13:30,3237.11,3221.85,3250.983,2639.043,0.474,-0.427,22.662,-4.489,-0.749,0.957,-0.896,23.188,-0.039"
2025-05-19T13:30:00.000-00:00,"2025-05-19 13:30,3243.13,3225.719,3250.702,2645.054,0.54,-0.233,22.611,-2.672,-0.512,1.02,-0.769,22.897,-0.034"
2025-05-26T13:30:00.000-00:00,"2025-05-26 13:30,3327.2,3244.17,3253.434,2651.841,2.559,2.267,25.468,-1.268,-0.309,1.072,-0.285,22.686,-0.013"
2025-06-02T13:30:00.000-00:00,"2025-06-02 13:30,3321.11,3258.159,3255.851,2658.501,1.932,2.004,24.924,-0.469,-0.185,1.098,0.071,22.469,0.003"
2025-06-09T13:30:00.000-00:00,"2025-06-09 13:30,3309.63,3267.517,3257.772,2664.979,1.289,1.592,24.19,1.524,0.193,1.213,0.299,22.244,0.013"
2025-06-16T13:30:00.000-00:00,"2025-06-16 13:30,3194.46,3254.234,3255.511,2670.248,-1.837,-1.875,19.632,1.005,0.139,1.182,-0.039,21.918,-0.002"
2025-06-23T13:30:00.000-00:00,"2025-06-23 13:30,3319.41,3266.084,3257.793,2676.707,1.633,1.891,24.011,1.251,0.218,1.197,0.255,21.709,0.012"
2025-06-30T13:30:00.000-00:00,"2025-06-30 13:30,3362.13,3283.547,3261.519,2683.527,2.393,3.085,25.288,1.214,0.249,1.195,0.675,21.539,0.031"
2025-07-07T13:30:00.000-00:00,"2025-07-07 13:30,3359.62,3297.379,3265.023,2690.255,1.888,2.897,24.881,1.204,0.282,1.194,0.991,21.365,0.046"
2025-07-14T13:30:00.000-00:00,"2025-07-14 13:30,3460.89,3327.108,3272.018,2697.923,4.021,5.772,28.28,1.824,0.437,1.236,1.684,21.279,0.079"
2025-07-21T13:30:00.000-00:00,"2025-07-21 13:30,3583.96,3373.808,3283.159,2706.739,6.229,9.162,32.409,3.674,0.849,1.367,2.761,21.296,0.13"
2025-07-28T13:30:00.000-00:00,"2025-07-28 13:30,3569.28,3409.349,3293.378,2715.321,4.691,8.377,31.45,4.386,1.092,1.443,3.521,21.289,0.165"
2025-08-04T13:30:00.000-00:00,"2025-08-04 13:30,3747.47,3470.825,3309.595,2725.592,7.971,13.23,37.492,5.704,1.474,1.567,4.872,21.427,0.227"
2025-08-11T13:30:00.000-00:00,"2025-08-11 13:30,3839.27,3537.815,3328.512,2736.673,8.521,15.345,40.29,7.292,1.945,1.725,6.288,21.626,0.291"
2025-08-18T13:30:00.000-00:00,"2025-08-18 13:30,3826.42,3590.289,3346.294,2747.516,6.577,14.348,39.268,7.91,2.27,1.838,7.291,21.793,0.335"
2025-08-25T13:30:00.000-00:00,"2025-08-25 13:30,3969.82,3659.294,3368.563,2759.678,8.486,17.849,43.851,8.462,2.601,1.956,8.631,22.064,0.391"
2025-09-01T13:30:00.000-00:00,"2025-09-01 13:30,4402.21,3794.37,3405.479,2776.022,16.02,29.268,58.58,11.293,3.404,2.235,11.42,22.675,0.504"
2025-09-08T13:30:00.000-00:00,"2025-09-08 13:30,4435.51,3910.941,3442.266,2792.534,13.413,28.854,58.835,12.68,4.009,2.456,13.615,23.267,0.585"
2025-09-15T13:30:00.000-00:00,"2025-09-15 13:30,4698.21,4054.081,3487.121,2811.496,15.888,34.73,67.107,14.593,4.765,2.734,16.259,24.031,0.677"
2025-09-22T13:30:00.000-00:00,"2025-09-22 13:30,4529.45,4140.512,3524.347,2828.59,9.393,28.519,60.131,15.325,5.321,2.951,17.483,24.597,0.711"
2025-09-29T13:30:00.000-00:00,"2025-09-29 13:30,4547.97,4214.595,3560.905,2845.699,7.91,27.719,59.819,15.175,5.71,3.117,18.357,25.133,0.73"
2025-10-06T13:30:00.000-00:00,"2025-10-06 13:30,4397.49,4247.849,3590.783,2861.139,3.523,22.466,53.697,11.951,5.441,3.066,18.299,25.502,0.718"
2025-10-13T13:30:00.000-00:00,"2025-10-13 13:30,4653.5,4321.603,3628.737,2878.974,7.68,28.24,61.637,10.5,5.417,3.095,19.094,26.043,0.733"
2025-10-20T13:30:00.000-00:00,"2025-10-20 13:30,4783.16,4405.523,3669.967,2897.921,8.572,30.333,65.055,8.669,5.243,3.074,20.043,26.641,0.752"
2025-10-27T13:30:00.000-00:00,"2025-10-27 13:30,5226.51,4554.793,3725.558,2921.091,14.747,40.288,78.923,10.006,5.709,3.27,22.258,27.54,0.808"
2025-11-03T14:30:00.000-00:00,"2025-11-03 14:30,5146.86,4662.442,3776.318,2943.238,10.39,36.293,74.871,10.626,6.049,3.428,23.465,28.305,0.829"
2025-11-10T14:30:00.000-00:00,"2025-11-10 14:30,5056.53,4734.094,3822.04,2964.266,6.811,32.299,70.583,11.447,6.44,3.604,23.863,28.937,0.825"
2025-11-18T14:30:00.000-00:00,"2025-11-18 14:30,5553.97,4883.162,3883.895,2990.034,13.737,43,85.749,12.994,7.032,3.858,25.728,29.895,0.861"
2025-11-24T14:30:00.000-00:00,"2025-11-24 14:30,5923.74,5072.358,3956.746,3019.225,16.785,49.712,96.201,15.136,7.814,4.186,28.195,31.052,0.908"
2025-12-01T14:30:00.000-00:00,"2025-12-01 14:30,5831.9,5210.457,4023.716,3047.212,11.927,44.938,91.385,14.395,8.003,4.318,29.494,32.046,0.92"
2025-12-08T14:30:00.000-00:00,"2025-12-08 14:30,5631.53,5287.016,4081.138,3072.926,6.516,37.989,83.263,13.396,8.072,4.406,29.548,32.809,0.901"
2025-12-15T14:30:00.000-00:00,"2025-12-15 14:30,5532.28,5331.609,4132.965,3097.398,3.764,33.857,78.611,12.622,8.135,4.491,29.002,33.433,0.867"
2025-12-22T14:30:00.000-00:00,"2025-12-22 14:30,5608.03,5381.867,4185.646,3122.379,4.202,33.982,79.608,10.213,7.769,4.426,28.579,34.053,0.839"
2025-12-29T14:30:00.000-00:00,"2025-12-29 14:30,5633.1,5427.546,4237.34,3147.361,3.787,32.94,78.978,7.002,7.092,4.244,28.089,34.632,0.811"
2026-01-05T14:30:00.000-00:00,"2026-01-05 14:30,5909,5515.083,4297.042,3174.84,7.143,37.513,86.12,5.846,6.793,4.188,28.346,35.347,0.802"
2026-01-12T14:30:00.000-00:00,"2026-01-12 14:30,5809.2,5568.559,4351.048,3201.053,4.321,33.513,81.478,5.325,6.614,4.17,27.982,35.926,0.779"
2026-01-19T14:30:00.000-00:00,"2026-01-19 14:30,5691.02,5590.825,4398.904,3225.829,1.792,29.374,76.42,4.862,6.435,4.146,27.096,36.365,0.745"
2026-01-26T14:30:00.000-00:00,"2026-01-26 14:30,5910.92,5649.024,4452.905,3252.546,4.636,32.743,81.732,4.964,6.385,4.169,26.862,36.905,0.728"
2026-02-03T14:30:00.000-00:00,"2026-02-03 14:30,5589.18,5638.143,4493.486,3275.796,-0.868,24.384,70.621,3.88,6.045,4.081,25.474,37.172,0.685"
2026-02-09T14:30:00.000-00:00,"2026-02-09 14:30,5241,5565.935,4520.183,3295.35,-5.838,15.947,59.042,0.922,5.193,3.796,23.135,37.169,0.622"
2026-02-16T14:30:00.000-00:00,"2026-02-16 14:30,5389.2,5533.802,4551.219,3316.185,-2.613,18.412,62.512,-0.624,4.601,3.597,21.589,37.243,0.58"
2026-02-23T14:30:00.000-00:00,"2026-02-23 14:30,5304.28,5492.07,4578.114,3335.967,-3.419,15.862,59.003,-1.766,4.074,3.414,19.964,37.235,0.536"
2026-03-02T14:30:00.000-00:00,"2026-03-02 14:30,5339.99,5464.419,4605.324,3355.907,-2.277,15.953,59.122,-3.268,3.423,3.178,18.654,37.23,0.501"
2026-03-09T13:30:00.000-00:00,"2026-03-09 13:30,5414,5455.252,4634.205,3376.386,-0.756,16.827,60.349,-3.244,3.132,3.071,17.717,37.253,0.476"
2026-03-17T13:30:00.000-00:00,"2026-03-17 13:30,5382,5441.934,4660.912,3396.342,-1.101,15.471,58.465,-2.228,3.113,3.065,16.757,37.233,0.45"
2026-03-23T13:30:00.000-00:00,"2026-03-23 13:30,4975.85,5357.191,4672.16,3412.059,-7.118,6.5,45.831,-3.191,2.657,2.891,14.662,36.931,0.397"
2026-03-30T13:30:00.000-00:00,"2026-03-30 13:30,5310.46,5348.695,4694.957,3430.948,-0.715,13.11,54.781,-2.611,2.552,2.847,13.924,36.841,0.378"
