date,close,ema10,ema55,ema200,dist_p10,dist_p55,dist_p200,slope10,slope55,slope200,dist_10_55,dist_55_200,ratio_armonico
2014-02-24,7059509219.087,,,,,,,,,,,,
2014-03-03,8049575197.749,,,,,,,,,,,,
2014-03-10,7979008906.896,,,,,,,,,,,,
2014-03-17,7105506101.333,,,,,,,,,,,,
2014-03-24,5822876640.838,,,,,,,,,,,,
2014-03-31,5787169775.02,,,,,,,,,,,,
2014-04-07,5291306567.505,,,,,,,,,,,,
2014-04-14,6384446016.555,,,,,,,,,,,,
2014-04-21,5501947195.477,,,,,,,,,,,,
2014-04-28,5617011559.828,6459835718.029,,,-13.047,,,,,,,,
2014-05-05,5658851002.156,6314202133.325,,,-10.379,,,,,,,,
2014-05-12,5775347857.246,6216228628.583,,,-7.092,,,,,,,,
2014-05-19,7449311246.952,6440425468.286,,,15.665,,,,,,,,
2014-05-26,8190759985.272,6758668107.738,,,21.189,,,,,,,,
2014-06-02,8538703836.846,7082310967.576,,,20.564,,,9.636,,,,,
2014-06-09,7665258182.671,7188301370.321,,,6.635,,,13.843,,,,,
2014-06-16,7844175409.727,7307551195.667,,,7.343,,,17.556,,,,,
2014-06-23,7847760410.997,7405771053.0,,,5.968,,,14.989,,,,,
2014-06-30,8248681071.646,7559027420.026,,,9.124,,,11.842,,,,,
2014-07-07,8270825071.314,7688445174.806,,,7.575,,,8.558,,,,,
2014-07-14,8241346617.129,7788972709.774,,,5.808,,,8.356,,,,,
2014-07-21,7767974426.382,7785154840.066,,,-0.221,,,6.536,,,,,
2014-07-28,7767225051.854,7781894878.573,,,-0.189,,,5.079,,,,,
2014-08-04,7805645473.43,7786213168.547,,,0.25,,,3.005,,,,,
2014-08-11,6587928745.552,7568343273.457,,,-12.954,,,-1.562,,,,,
2014-08-18,6789391313.867,7426715644.441,,,-8.582,,,-4.651,,,,,
2014-08-25,6423589156.598,7244329010.287,,,-11.329,,,-6.947,,,,,
2014-09-01,6399259547.052,7090680016.972,,,-9.751,,,-8.882,,,,,
2014-09-08,6432431590.893,6970998484.958,,,-7.726,,,-10.47,,,,,
2014-09-15,5420376551.043,6689067224.246,,,-18.967,,,-11.618,,,,,
2014-09-22,5120811611.401,6403929840.092,,,-20.036,,,-13.772,,,,,
2014-09-29,4420911482.798,6043381047.857,,,-26.847,,,-16.578,,,,,
2014-10-06,5158044885.874,5882410836.587,,,-12.314,,,-17.04,,,,,
2014-10-13,5277730572.456,5772468970.382,,,-8.571,,,-17.193,,,,,
2014-10-20,4851974941.67,5605106419.707,,,-13.437,,,-16.205,,,,,
2014-10-27,4431124648.239,5391655188.531,,,-17.815,,,-15.807,,,,,
2014-11-03,4999737581.097,5320397441.725,,,-6.027,,,-11.963,,,,,
2014-11-10,5341329326.639,5324203238.982,,,0.322,,,-9.489,,,,,
2014-11-17,5049473935.134,5274252456.464,,,-4.262,,,-8.631,,,,,
2014-11-24,5196217339.603,5260064253.398,,,-1.214,,,-6.156,,,,,
2014-12-01,5206142609.628,5250260318.167,,,-0.84,,,-2.622,,,,,
2014-12-08,4929786468.323,5191992345.468,,,-5.05,,,-2.413,,,,,
2014-12-15,4434038557.835,5054182565.899,,,-12.27,,,-5.072,,,,,
2014-12-22,4411142716.341,4937266229.615,,,-10.656,,,-6.389,,,,,
2014-12-29,3674504334.136,4707673157.71,,,-21.946,,,-10.502,,,,,
2015-01-05,3713595165.012,4526931704.492,,,-17.967,,,-13.777,,,,,
2015-01-12,2960105492.43,4242054211.39,,,-30.22,,,-18.296,,,,,
2015-01-19,3574650790.101,4120708134.792,,,-13.252,,,-18.469,,,,,
2015-01-26,3182129198.362,3950057419.078,,,-19.441,,,-19.995,,,,,
2015-02-02,3143997476.943,3803501065.962,,,-17.339,,,-19.206,,,,,
2015-02-09,3315288887.982,3714735215.42,,,-10.753,,,-17.941,,,,,
2015-02-16,3333175080.695,3645360645.47,,,-8.564,,,-14.066,,,,,
2015-02-23,3652472845.75,3646653772.794,,,0.16,,,-11.504,,,,,
2015-03-02,3890998510.602,3691080088.759,,,5.416,,,-6.556,,,,,
2015-03-09,4059016834.14,3757977678.828,5764574564.038,,8.011,-29.587,,-1.197,,,-34.809,,
2015-03-16,3805756613.157,3766664757.797,5694616780.078,,1.038,-33.169,,1.398,,,-33.856,,
2015-03-23,3449366176.966,3708974106.737,5614429258.538,,-6.999,-38.562,,1.745,,,-33.939,,
2015-03-30,3713305971.43,3709761718.499,5546531998.285,,0.096,-33.052,,1.731,,,-33.116,,
2015-04-06,3371810435.272,3648316030.64,5468863371.034,,-7.579,-38.345,,-1.159,,,-33.289,,
2015-04-13,3177626483.356,3562736112.952,5387033482.189,,-10.809,-41.013,,-5.195,-6.549,,-33.865,,
2015-04-20,3141018065.826,3486060104.384,5306818645.89,,-9.898,-40.812,,-7.45,-6.81,,-34.31,,
2015-04-27,3416798119.854,3473467016.287,5239317912.817,,-1.631,-34.785,,-6.35,-6.681,,-33.704,,
2015-05-04,3424052573.082,3464482572.068,5174487007.827,,-1.167,-33.828,,-6.612,-6.708,,-33.047,,
2015-05-11,3390667440.421,3451061639.041,5110779166.134,,-1.75,-33.657,,-5.407,-6.548,,-32.475,,
2015-05-18,3449654698.625,3450805831.693,5051453292.294,,-0.033,-31.71,,-3.142,-6.229,,-31.687,,
2015-05-25,3314383665.369,3426001801.452,4989415091.332,,-3.258,-33.572,,-1.723,-5.981,,-31.335,,
2015-06-01,3231959207.865,3390721329.891,4926648809.78,,-4.682,-34.398,,-2.382,-5.968,,-31.176,,
2015-06-08,3372562802.861,3387419779.522,4871145738.104,,-0.439,-30.764,,-2.224,-5.862,,-30.459,,
2015-06-15,3550069190.536,3416992399.706,4823964432.834,,3.895,-26.408,,-0.987,-5.612,,-29.166,,
2015-06-22,3623279757.387,3454499192.012,4781082837.282,,4.886,-24.216,,0.107,-5.352,,-27.747,,
2015-06-29,3962260708.982,3546819467.825,4751839189.843,,11.713,-16.616,,3.526,-4.762,,-25.359,,
2015-07-06,4537818132.115,3727001043.15,4744195580.638,,21.755,-4.35,,9.918,-3.703,,-21.441,,
2015-07-13,4033528993.9,3782733397.832,4718814631.112,,6.63,-14.522,,11.67,-3.127,,-19.837,,
2015-07-20,4302080260.541,3877160100.143,4703931260.734,,10.96,-8.543,,13.467,-2.488,,-17.576,,
2015-07-27,4151450986.424,3927031170.376,4684199822.366,,5.715,-11.373,,13.679,-2.026,,-16.164,,
2015-08-03,3902733886.19,3922613482.342,4656290324.646,,-0.507,-16.184,,10.595,-2.011,,-15.757,,
2015-08-10,3777499547.605,3896229130.571,4624904939.751,,-3.047,-18.323,,4.541,-2.514,,-15.755,,
2015-08-17,3381082330.224,3802566075.963,4580482703.697,,-11.084,-26.185,,0.524,-2.931,,-16.983,,
2015-08-24,3386317305.785,3726884481.385,4537833939.486,,-9.138,-25.376,,-3.876,-3.531,,-17.871,,
2015-08-31,3560173119.408,3696573324.662,4502917481.626,,-3.69,-20.936,,-5.869,-3.87,,-17.907,,
2015-09-07,3406366337.678,3643808417.938,4463754940.771,,-6.516,-23.688,,-7.108,-4.135,,-18.369,,
2015-09-14,3423923265.056,3603829299.232,4426618095.209,,-4.992,-22.651,,-7.505,-4.287,,-18.587,,
2015-09-21,3459946128.161,3577668722.674,4392094096.386,,-3.29,-21.223,,-5.914,-4.113,,-18.543,,
2015-09-28,3552248032.929,3573046779.084,4362099594.12,,-0.582,-18.566,,-4.128,-3.873,,-18.089,,
2015-10-05,3699719710.961,3596078221.243,4338443169.721,,2.882,-14.722,,-2.719,-3.653,,-17.111,,
2015-10-12,3893696637.769,3650190660.611,4322559365.009,,6.671,-9.921,,0.175,-3.163,,-15.555,,
2015-10-19,4236982396.889,3756880067.207,4319503044.719,,12.779,-1.91,,4.247,-2.42,,-13.025,,
2015-10-26,4869826428.009,3959233950.989,4339157451.265,,22.999,12.23,,10.665,-1.205,,-8.756,,
2015-11-02,5569878281.882,4252078374.788,4383111766.644,,30.992,27.076,,19.004,0.482,,-2.99,,
2015-11-09,4783833708.716,4348761162.775,4397423264.575,,10.005,8.787,,20.931,1.359,,-1.107,,
2015-11-16,4872833775.901,4444047092.434,4414402211.408,,9.649,10.385,,21.748,2.125,,0.672,,
2015-11-23,5586962443.682,4651849883.57,4456279362.561,,20.102,25.373,,23.822,3.166,,4.389,,
2015-11-30,5848276030.728,4869381910.326,4505993529.281,,20.103,29.789,,22.988,3.845,,8.065,,
2015-12-07,6536819085.644,5172552305.838,4578523013.437,,26.375,42.771,,21.648,4.458,,12.974,,
2015-12-14,6688633958.263,5448203515.37,4653884118.609,,22.768,43.722,,25.282,5.832,,17.068,,
2015-12-21,6391187098.898,5619655076.012,4715930653.62,,13.729,35.523,,26.454,6.831,,19.163,,
2015-12-28,6544656803.48,5787837208.279,4781242301.829,,13.076,36.882,,24.42,7.292,,21.053,,
2016-01-04,6827395096.637,5976847733.435,4854319187.358,,14.231,40.646,,22.743,7.73,,23.124,,
2016-01-11,5815643006.953,5947537783.165,4888652180.915,,-2.218,18.962,,14.983,6.774,,21.66,,
2016-01-18,6157788592.953,5985765203.127,4933978481.345,,2.874,24.804,,9.867,6.019,,21.317,,
2016-01-25,5663321855.588,5927139139.938,4960026458.996,,-4.451,14.179,,5.472,5.176,,19.498,,
2016-02-01,5777765076.285,5899980219.274,4989231409.614,,-2.071,15.805,,1.938,4.35,,18.254,,
2016-02-08,6252366188.394,5964050395.477,5034343365.999,,4.834,24.194,,-0.214,3.709,,18.467,,
2016-02-15,6773568360.311,6111235479.993,5096458544.367,,10.838,32.907,,2.752,4.251,,19.911,,
2016-02-22,6674058855.637,6213567002.837,5152801412.627,,7.411,29.523,,3.806,4.435,,20.586,,
2016-02-29,6303049911.195,6229836622.538,5193881716.147,,1.175,21.355,,5.107,4.715,,19.946,,
2016-03-07,6439058264.204,6267876921.023,5238352307.149,,2.731,22.921,,6.236,4.993,,19.654,,
2016-03-14,6418875350.585,6295331180.944,5280513844.415,,1.962,21.558,,5.555,4.89,,19.218,,
2016-03-21,6520180911.293,6336212950.098,5324787668.232,,2.903,22.45,,3.681,4.48,,18.995,,
2016-03-28,6574941286.55,6379618102.18,5369436011.743,,3.062,22.451,,2.672,4.204,,18.814,,
2016-04-04,6604529568.0,6420511095.966,5413546495.895,,2.866,22.0,,3.061,4.229,,18.601,,
2016-04-11,6707993957.121,6472780707.085,5459776762.367,,3.634,22.862,,3.269,4.227,,18.554,,
2016-04-18,7227701386.461,6610039012.426,5522916927.514,,9.344,30.867,,4.999,4.591,,19.684,,
2016-04-25,7132990502.659,6705121101.559,5580419555.197,,6.381,27.822,,5.822,4.801,,20.154,,
2016-05-02,7222033781.244,6799105225.138,5639048634.699,,6.22,28.072,,6.575,5.021,,20.572,,
2016-05-09,7229663423.646,6877388533.958,5695856305.733,,5.122,26.928,,7.116,5.215,,20.744,,
2016-05-16,6960753110.443,6892545729.682,5741031191.615,,0.99,21.246,,6.485,5.151,,20.058,,
2016-05-23,8241443154.301,7137799806.886,5830331618.854,,15.462,41.355,,7.984,5.566,,22.425,,
2016-05-30,9143061417.674,7502392827.029,5948643397.383,,21.869,53.7,,11.89,6.598,,26.119,,
2016-06-06,10697972280.071,8083407273.037,6118262286.051,,32.345,74.853,,18.889,8.498,,32.119,,
2016-06-13,12128199264.46,8818823998.75,6332902892.423,,37.526,91.511,,28.229,11.184,,39.254,,
2016-06-20,10105007796.755,9052675598.387,6467620924.72,,11.625,56.24,,31.34,12.656,,39.969,,
2016-06-27,10553741899.965,9325596744.129,6613553816.693,,13.17,59.577,,30.651,13.434,,41.007,,
2016-07-04,10467989685.648,9533304551.678,6751212240.584,,9.804,55.053,,27.07,13.492,,41.209,,
2016-07-11,11201879949.419,9836681896.722,6910164658.757,,13.879,62.107,,21.69,12.943,,42.351,,
2016-07-18,11002567637.393,10048661122.298,7056321907.994,,9.493,55.925,,13.946,11.423,,42.407,,
2016-07-25,10261898506.553,10087431555.799,7170806786.514,,1.73,43.107,,11.43,10.872,,40.674,,
2016-08-01,9808512849.894,10036719063.816,7265010574.492,,-2.274,35.01,,7.625,9.85,,38.151,,
2016-08-08,9431294334.371,9926641840.281,7342377851.63,,-4.99,28.45,,4.126,8.756,,35.197,,
2016-08-15,9578797614.551,9863397435.603,7422249986.02,,-2.885,29.055,,0.272,7.411,,32.89,,
2016-08-22,9473796079.291,9792560825.364,7495519489.352,,-3.255,26.393,,-2.549,6.224,,30.646,,
2016-08-29,10076326027.322,9844154498.447,7587691151.422,,2.358,32.798,,-2.412,5.814,,29.738,,
2016-09-05,10019024695.097,9875949079.656,7674524492.267,,1.449,30.549,,-1.602,5.637,,28.685,,
2016-09-12,10058178211.716,9909081649.122,7759654982.248,,1.505,29.621,,-0.177,5.683,,27.7,,
2016-09-19,9947251706.6,9916021659.572,7837783436.689,,0.315,26.914,,0.534,5.598,,26.516,,
2016-09-26,10072852897.899,9944536430.177,7917607346.018,,1.29,27.221,,1.552,5.631,,25.6,,
2016-10-03,10224214147.552,9995386924.245,7999986160.358,,2.289,27.803,,1.536,5.434,,24.943,,
2016-10-10,10558234277.802,10097722806.71,8091352164.553,,4.561,30.488,,2.246,5.431,,24.796,,
2016-10-17,10741859645.601,10214838595.599,8186013146.019,,5.159,31.222,,3.086,5.495,,24.784,,
2016-10-24,11483626969.987,10445527390.943,8303785068.303,,9.938,38.294,,5.34,5.946,,25.792,,
2016-10-31,11714027622.666,10676163796.711,8425579445.245,,9.721,39.029,,7.357,6.416,,26.711,,
2016-11-07,11586865797.368,10841745978.648,8538482529.249,,6.873,35.702,,8.467,6.731,,26.975,,
2016-11-14,11972000894.28,11047246872.399,8661108185.143,,8.371,38.227,,9.403,7.042,,27.55,,
2016-11-21,12032432870.249,11226371599.281,8781512638.183,,7.18,37.02,,9.903,7.275,,27.841,,
2016-11-28,12627539192.825,11481129343.562,8918870729.42,,9.985,41.582,,9.914,7.407,,28.729,,
2016-12-05,12730833875.312,11708348349.335,9055012270.345,,8.733,40.594,,9.668,7.47,,29.302,,
2016-12-12,13334453360.123,12004003805.842,9207849452.122,,11.083,44.816,,10.72,7.839,,30.367,,
2016-12-19,15014236324.689,12551318809.268,9415220411.857,,19.623,59.468,,13.615,8.707,,33.309,,
2016-12-26,16758537467.693,13316267656.255,9677481735.28,,25.85,73.17,,18.616,10.203,,37.601,,
2017-01-02,15419303848.814,13698637873.084,9882546810.763,,12.561,56.026,,19.314,10.805,,38.614,,
2017-01-09,14044218345.281,13761470686.211,10031177936.996,,2.055,40.006,,17.536,10.78,,37.187,,
2017-01-16,15665510924.899,14107659820.518,10232404115.135,,11.043,53.097,,17.525,11.127,,37.872,,
2017-01-23,15523286329.023,14365046458.428,10421364194.203,,8.063,48.956,,14.45,10.686,,37.842,,
2017-01-30,17093756408.888,14861175540.33,10659663916.156,,15.023,60.359,,11.602,10.149,,39.415,,
2017-02-06,17041197802.123,15257543224.292,10887575840.655,,11.69,56.52,,11.38,10.17,,40.137,,
2017-02-13,17845939415.474,15728160713.598,11136088825.47,,13.465,60.253,,14.291,11.015,,41.236,,
2017-02-20,19935321882.474,16493099107.939,11450347148.934,,20.871,74.102,,16.909,11.903,,44.04,,
2017-02-27,21626464202.749,17426438216.086,11813779900.856,,24.101,83.061,,21.311,13.361,,47.509,,
2017-03-06,21268807543.042,18125050820.987,12151459459.506,,17.345,75.031,,21.962,13.995,,49.159,,
2017-03-13,18079683016.221,18116802129.212,12363181729.388,,-0.205,46.238,,18.74,13.553,,46.538,,
2017-03-20,17387167756.855,17984141334.238,12542609801.798,,-3.319,38.625,,14.344,12.63,,43.384,,
2017-03-27,21508635145.7,18624958390.867,12862824992.651,,15.483,67.215,,12.926,12.336,,44.797,,
2017-04-03,22228747533.036,19280192780.353,13197322226.237,,15.293,68.434,,10.638,11.711,,46.092,,
2017-04-10,21851636922.51,19747728078.927,13506404893.961,,10.654,61.787,,8.953,11.15,,46.21,,
2017-04-17,23039339366.98,20346202858.573,13846866839.426,,13.237,66.387,,12.306,12.001,,46.937,,
2017-04-24,26282174004.208,21425470339.597,14290984952.454,,22.668,83.907,,19.135,13.939,,49.923,,
2017-05-01,34404641946.706,23785319722.708,15009329845.105,,44.647,129.222,,27.707,16.688,,58.47,,
2017-05-08,40514396414.633,26826970030.331,15920225079.731,,51.021,154.484,,39.143,20.632,,68.509,,
2017-05-15,50525825293.667,31135852805.483,17156139373.086,,62.275,194.506,,57.668,27.022,,81.485,,
2017-05-22,49834474930.379,34535602282.737,18323222785.847,,44.299,171.974,,69.74,32.328,,88.48,,
2017-05-29,59552942481.577,39084209591.617,19795712774.98,,52.371,200.838,,82.419,38.519,,97.438,,
2017-06-05,67848567165.395,44314092786.849,21511886146.066,,53.108,215.4,,86.309,43.323,,105.998,,
2017-06-12,59610455642.651,47095249669.722,22872549342.373,,26.574,160.62,,75.552,43.67,,105.903,,
2017-06-19,58294227419.804,49131427442.464,24137609273.71,,18.65,141.508,,57.797,40.694,,103.547,,
2017-06-26,57450310381.196,50643951613.143,25327348598.977,,13.44,126.831,,46.643,38.225,,99.958,,
2017-07-03,55766517995.709,51575327319.064,26414461791.717,,8.126,111.121,,31.959,33.435,,95.254,,
2017-07-10,57855677324.939,52717209138.314,27537362346.475,,9.747,110.099,,18.963,28.01,,91.439,,
2017-07-17,83732294233.273,58356315519.216,29544324199.575,,43.485,183.412,,23.911,29.169,,97.521,,
2017-07-24,77346531271.513,61809082019.633,31251545880.716,,25.138,147.497,,25.804,29.472,,97.779,,
2017-07-31,98480656457.099,68476641008.264,33652585544.158,,43.816,192.639,,35.212,32.871,,103.481,,
2017-08-07,118496790378.422,77571213621.02,36682735716.81,,52.759,223.031,,50.404,38.874,,111.465,,
2017-08-14,125296815807.696,86248595836.779,39847524291.485,,45.274,214.441,,63.606,44.703,,116.447,,
2017-08-21,138960285193.783,95832539356.234,43387265752.281,,45.003,220.279,,64.22,46.855,,120.877,,
2017-08-28,145413174199.707,104847200236.866,47031048196.832,,38.691,209.185,,69.631,50.492,,122.932,,
2017-09-04,131103431027.689,109621060380.652,50033633297.934,,19.597,162.031,,60.085,48.677,,119.095,,
2017-09-11,113344479136.924,110298045609.065,52294734935.041,,2.762,116.742,,42.189,42.56,,110.916,,
2017-09-18,114511532128.762,111064134067.192,54516763406.245,,3.104,110.048,,28.772,36.813,,103.725,,
2017-09-25,133586023866.14,115159023121.546,57340665565.527,,16.001,132.969,,20.167,32.16,,100.833,,
2017-10-02,137683743680.18,119254426859.479,60210061212.479,,15.454,128.672,,13.741,28.022,,98.064,,
2017-10-09,160135078527.74,126687272617.345,63778811830.881,,26.402,151.079,,15.568,27.472,,98.635,,
2017-10-16,157442425721.797,132279118636.336,67123940898.414,,19.023,134.555,,19.929,28.357,,97.067,,
2017-10-23,163620022423.515,137977464779.46,70570229524.311,,18.585,131.854,,24.232,29.447,,95.518,,
2017-10-30,187034512155.267,146896927938.697,74729668189.702,,27.324,150.281,,27.56,30.326,,96.571,,
2017-11-06,180649379986.742,153033737401.978,78512515039.596,,18.045,130.09,,28.325,30.398,,94.916,,
2017-11-13,222484447564.819,165661139249.768,83654369772.64,,34.301,165.957,,30.764,31.163,,98.03,,
2017-11-20,269584804687.835,184556351147.598,90294742448.183,,46.072,198.561,,39.52,34.519,,104.393,,
2017-11-27,311047232109.67,207554693140.702,98178759936.093,,49.863,216.817,,50.427,39.122,,111.405,,
2017-12-04,379076838870.332,238740537818.817,108210834183.744,,58.782,250.313,,62.522,44.803,,120.625,,
2017-12-11,547089012179.601,294803896793.505,123885054826.453,,85.577,341.61,,92.64,57.79,,137.966,,
2017-12-18,496029417004.947,331390355013.767,137175924904.257,31924125703.098,49.681,261.601,1453.776,100.041,63.979,,141.581,329.694,0.429
2017-12-25,535584963088.625,368516647391.014,151404819125.127,36935676323.85,45.335,253.744,1350.048,99.677,67.678,,143.398,309.915,0.463
2018-01-01,692229670205.799,427373560630.066,170719992378.008,43456014571.431,61.973,305.477,1492.943,105.909,73.887,,150.336,292.857,0.513
2018-01-08,621643730984.59,462695409785.434,186824411613.957,49209126177.532,34.353,232.742,1163.269,93.807,72.649,,147.663,279.654,0.528
2018-01-15,494325338704.162,468446305952.475,197806587581.465,53638143217.598,5.524,149.903,821.593,58.901,59.669,,136.82,268.78,0.509
2018-01-22,519793842958.417,477782221771.737,209306132416.356,58276508389.149,8.793,148.341,791.944,44.175,52.582,82.547,128.27,259.16,0.495
2018-01-29,350467344362.629,454634062242.808,214347604271.58,61183879891.372,-22.912,63.504,472.81,23.369,41.573,65.65,112.101,250.333,0.448
2018-02-05,352129044753.618,435996786335.683,219268370003.081,64078856656.171,-19.236,60.593,449.525,2.018,28.437,47.457,98.842,242.185,0.408
2018-02-12,426972285380.91,434355967980.27,226686366980.861,67689736543.979,-1.7,88.354,530.778,-6.125,21.337,37.555,91.611,234.89,0.39
2018-02-19,385663733311.517,425502834404.133,232364130064.099,70853656909.825,-9.363,65.974,444.31,-9.167,17.47,32.096,83.119,227.949,0.365
2018-02-26,427471836340.531,425860834756.205,239332262431.114,74402096506.151,0.378,78.61,474.543,-10.867,14.346,27.671,77.937,221.674,0.352
2018-03-05,353547664178.815,412712985560.316,243411383922.103,77179664343.69,-14.336,45.247,358.084,-9.221,13.559,26.144,69.554,215.383,0.323
2018-03-12,286869892227.035,389832423136.083,244963473504.422,79266134272.877,-26.412,17.107,261.907,-10.588,11.719,23.701,59.139,209.039,0.283
2018-03-19,297414388985.231,373029144199.565,246836720485.88,81436763673.0,-20.27,20.49,265.209,-14.119,8.889,20.309,51.124,203.102,0.252
2018-03-26,232653707837.452,347506337588.272,246330184319.865,82941409883.592,-33.051,-5.552,180.504,-18.33,6.01,17.06,41.073,196.993,0.209
2018-04-02,242931383319.337,328492709539.374,246208798569.846,84533349917.778,-26.047,-1.331,187.379,-22.864,2.873,13.617,33.42,191.256,0.175
2018-04-09,306772013920.94,324543492154.204,248371770546.67,86744679907.859,-5.476,23.513,253.649,-21.363,2.038,12.393,30.668,186.325,0.165
2018-04-16,350353968884.442,329236306105.157,252013991915.877,89367657907.626,6.414,39.022,292.037,-15.544,2.878,12.744,30.642,181.997,0.168
2018-04-23,394251838170.371,341057311935.196,257093914996.394,92401331343.077,15.597,53.349,326.673,-8.571,4.155,13.464,32.659,178.236,0.183
2018-04-30,409827453588.071,353560974053.9,262548684231.811,95559800221.136,15.914,56.096,328.87,1.742,6.584,15.214,34.665,174.748,0.198
2018-05-07,366513413620.422,355915963065.995,266261710281.405,98255856075.855,2.978,37.652,273.019,8.348,8.145,16.233,33.671,170.988,0.197
2018-05-14,353466281117.321,355470566348.054,269376159239.83,100795263290.198,-0.564,31.217,250.677,9.529,8.457,16.198,31.961,167.251,0.191
2018-05-21,294405390886.77,344367807173.275,270270060370.078,102721732221.508,-14.508,8.93,186.605,4.596,7.244,14.943,27.416,163.109,0.168
2018-05-28,322908501200.232,340466115178.177,272150004685.441,104912645345.674,-5.157,18.651,207.788,-0.173,5.856,13.54,25.102,159.406,0.157
2018-06-04,273886177661.34,328360671993.297,272212010863.151,106593974025.432,-16.59,0.615,156.943,-7.128,3.681,11.547,20.627,155.373,0.133
2018-06-11,256024653480.404,315208668627.317,271633890956.625,108080846457.82,-18.776,-5.746,136.883,-11.437,2.018,9.999,16.042,151.325,0.106
2018-06-18,234077554500.729,300457556967.937,270292593226.057,109334545045.311,-22.093,-13.398,114.093,-15.476,0.34,8.472,11.16,147.216,0.076
2018-06-25,238531176854.965,289198215129.215,269158256927.089,110620083670.283,-17.52,-11.379,115.631,-16.021,-0.411,7.689,7.445,143.318,0.052
2018-07-02,252014413361.679,282437523898.754,268545976799.753,112026992423.431,-10.772,-6.156,124.959,-17.044,-1.324,6.781,5.173,139.715,0.037
2018-07-09,236902814000.832,274158485735.495,267415863842.649,113269537911.764,-13.589,-11.41,109.15,-16.507,-1.762,6.263,2.521,136.088,0.019
2018-07-16,260265878548.002,271632557155.951,267160507224.983,114732188067.348,-4.185,-2.581,126.846,-13.825,-1.647,6.154,1.674,132.856,0.013
2018-07-23,277967808342.331,272784421008.02,267546482264.888,116356423094.96,1.9,3.895,138.893,-9.21,-1.016,6.422,1.958,129.937,0.015
2018-07-30,240701298460.642,266951125999.406,266587725700.451,117593685536.409,-9.833,-9.71,104.689,-7.693,-0.955,6.304,0.136,126.702,0.001
2018-08-06,201158664448.219,254988860262.826,264250973512.871,118425177863.89,-21.111,-23.876,69.861,-9.718,-1.599,5.711,-3.505,123.137,-0.028
2018-08-13,204974971877.657,245895426010.977,262133973454.471,119286369844.127,-16.641,-21.805,71.834,-10.309,-1.975,5.312,-6.195,119.752,-0.052
2018-08-20,204164291007.741,238307946919.48,260063627652.802,120130926273.615,-14.328,-21.494,69.951,-12.268,-2.656,4.706,-8.366,116.483,-0.072
2018-08-27,225550398683.66,235988392694.785,258831012332.475,121179876247.845,-4.423,-12.858,86.129,-13.489,-3.258,4.145,-8.825,113.592,-0.078
2018-09-03,186253887947.379,226945755467.984,256238972175.865,121827378851.82,-17.93,-27.312,52.883,-14.986,-3.882,3.6,-11.432,110.33,-0.104
2018-09-10,189978787485.933,220224488562.157,253872537008.367,122505502320.816,-13.734,-25.168,55.078,-13.634,-3.927,3.445,-13.254,107.234,-0.124
2018-09-17,209085322599.702,218199185659.892,252272993636.629,123366993069.86,-4.177,-17.119,69.482,-11.263,-3.762,3.421,-13.507,104.49,-0.129
2018-09-24,207618719586.54,216275464555.646,250678198134.84,124205318706.842,-4.003,-17.177,67.158,-9.245,-3.609,3.392,-13.724,101.826,-0.135
2018-10-01,204766075838.627,214182848425.279,249038479481.404,125006918280.292,-4.397,-17.777,63.804,-9.24,-3.783,3.158,-13.996,99.22,-0.141
2018-10-08,185313547779.038,208933884671.417,246762589063.462,125606984245.454,-11.305,-24.902,47.534,-7.937,-3.698,3.102,-15.33,96.456,-0.159
2018-10-15,195500913350.296,206491526249.395,244931814930.849,126302446226.597,-5.323,-20.181,54.788,-6.236,-3.522,3.099,-15.694,93.925,-0.167
2018-10-22,195233215038.837,204444560574.748,243156864934.706,126988324523.236,-4.506,-19.709,53.741,-6.304,-3.614,2.935,-15.921,91.48,-0.174
2018-10-29,200189439191.88,203670902141.499,241622314015.319,127716693823.421,-1.709,-17.148,56.745,-5.828,-3.613,2.827,-15.707,89.186,-0.176
2018-11-05,199323413248.958,202880449615.583,240111638987.949,128429198494.322,-1.753,-16.987,55.201,-5.277,-3.585,2.738,-15.506,86.96,-0.178
2018-11-12,173451399911.077,197529713305.673,237730916163.775,128877180597.972,-12.19,-27.039,34.587,-5.458,-3.66,2.604,-16.91,84.463,-0.2
2018-11-19,120653143581.813,183552155174.062,233549567142.991,128795349383.88,-34.268,-48.339,-6.322,-11.109,-4.647,1.974,-21.408,81.334,-0.263
2018-11-26,123661676009.51,172662977144.143,229624999602.509,128744268056.772,-28.38,-46.146,-3.948,-15.545,-5.565,1.383,-24.807,78.357,-0.317
2018-12-03,103772944121.187,160137516594.515,225130283335.319,128495797171.841,-35.198,-53.905,-19.24,-21.374,-6.826,0.61,-28.869,75.204,-0.384
2018-12-10,94043595610.299,148120440051.93,220448615916.569,128152989196.104,-36.509,-57.34,-26.616,-26.991,-8.189,-0.215,-32.81,72.02,-0.456
2018-12-17,123516975667.695,143647082891.16,216986771621.966,128106859708.259,-14.014,-43.076,-3.583,-27.278,-8.726,-0.598,-33.799,69.38,-0.487
2018-12-24,122364006357.517,139777432612.316,213607387148.236,128049716888.849,-12.458,-42.715,-4.44,-23.849,-8.539,-0.579,-34.563,66.816,-0.517
2018-12-31,129505131002.228,137909741410.482,210603735143.021,128064198621.321,-6.094,-38.508,1.125,-20.128,-8.284,-0.528,-34.517,64.452,-0.536
2019-01-07,109712659159.711,132782999183.069,207000482429.331,127881596238.618,-17.374,-46.999,-14.208,-17.082,-8.053,-0.478,-35.854,61.869,-0.58
2019-01-14,111528002635.178,128918454356.18,203590751008.112,127718873914.206,-13.489,-45.22,-12.677,-12.964,-7.647,-0.339,-36.678,59.405,-0.617
2019-01-21,110533660663.226,125575764593.824,200267283495.794,127547876767.43,-11.979,-44.807,-13.339,-12.58,-7.705,-0.436,-37.296,57.013,-0.654
2019-01-28,106301351080.264,122071325773.177,196911357338.097,127336468551.637,-12.919,-46.016,-16.519,-12.667,-7.816,-0.557,-38.007,54.639,-0.696
2019-02-04,115747649940.129,120921566530.805,194012653502.455,127221156923.662,-4.279,-40.34,-9.019,-12.318,-7.878,-0.658,-37.673,52.5,-0.718
2019-02-11,115772654485.166,119985400704.325,191218367823.266,127107241476.513,-3.511,-39.455,-8.917,-9.638,-7.624,-0.606,-37.252,50.439,-0.739
2019-02-18,118661341548.446,119744662675.983,188627045456.308,127023202671.258,-0.905,-37.092,-6.583,-7.116,-7.35,-0.545,-36.518,48.498,-0.753
2019-02-25,121129767319.928,119996499883.973,186216428380.009,126964561523.484,0.944,-34.952,-4.596,-4.443,-7.016,-0.457,-35.561,46.668,-0.762
2019-03-04,125983903272.349,121085118681.86,184065266769.021,126954803729.94,4.046,-31.555,-0.765,-0.808,-6.524,-0.3,-34.216,44.985,-0.761
2019-03-11,129676584044.569,122647203293.261,182122813814.576,126981886121.13,5.731,-28.797,2.122,1.427,-6.128,-0.188,-32.657,43.424,-0.752
2019-03-18,130530721838.108,124080570301.415,180280239101.131,127017197919.309,5.198,-27.596,2.766,3.413,-5.72,-0.071,-31.174,41.934,-0.743
2019-03-25,135641190193.46,126182501190.878,178685987354.429,127103008787.709,7.496,-24.09,6.718,5.376,-5.27,0.063,-29.383,40.584,-0.724
2019-04-01,171751157240.077,134467711381.642,178438314850.345,127547268971.315,27.727,-3.748,34.657,12.06,-4.177,0.459,-24.642,39.9,-0.618
2019-04-08,166787894824.529,140344108371.258,178022228420.851,127937722959.904,18.842,-6.311,30.366,15.905,-3.283,0.774,-21.165,39.148,-0.541
2019-04-15,168474043531.07,145458642036.678,177681221817.645,128341069433.249,15.823,-5.182,31.271,18.599,-2.439,1.07,-18.135,38.445,-0.472
2019-04-22,158667373239.812,147860229528.157,177002155797.008,128642823699.981,7.309,-10.359,23.339,19.165,-1.818,1.28,-16.464,37.592,-0.438
2019-04-29,172375401010.247,152317533433.991,176836914554.624,129077973722.968,13.168,-2.523,33.544,20.712,-1.035,1.554,-13.866,37.0,-0.375
2019-05-06,200796737529.368,161131934178.605,177692622518.007,129791593263.331,24.616,13.002,54.707,19.829,-0.418,1.76,-9.32,36.906,-0.253
2019-05-13,244429358136.559,176276920352.779,180076077361.527,130932267540.676,38.662,35.737,86.684,25.603,1.154,2.341,-2.11,37.534,-0.056
2019-05-20,258115964593.434,191156746578.353,182863216191.238,132197776964.087,35.028,41.152,95.25,31.417,2.916,3.005,4.535,38.325,0.118
2019-05-27,265216575374.108,204622169995.763,185804407590.626,133521347097.52,29.613,42.74,98.632,38.389,4.973,3.792,10.128,39.157,0.259
2019-06-03,232581301599.002,209705648469.079,187475010948.068,134507018286.589,10.908,24.06,72.914,37.677,6.016,4.206,11.858,39.379,0.301
2019-06-10,269374620625.424,220554552497.505,190399997007.974,135848984479.015,22.135,41.478,98.29,36.878,7.151,4.667,15.837,40.156,0.394
2019-06-17,313390332960.898,237433785309.031,194792509006.292,137615565060.925,31.991,60.884,127.729,34.694,8.172,5.104,21.891,41.548,0.527
2019-06-24,299466804314.987,248712516037.387,198530876695.889,139226025153.005,20.407,50.841,115.094,30.109,8.568,5.316,25.276,42.596,0.593
2019-07-01,316494380887.875,261036491464.748,202743858988.46,140989889389.173,21.245,56.106,124.48,27.57,9.117,5.594,28.752,43.8,0.656
2019-07-08,267336901420.853,262182020547.676,205050753361.045,142247073588.493,1.966,30.376,87.938,25.024,9.375,5.754,27.862,44.151,0.631
2019-07-15,279294572826.933,265293393689.359,207702318341.97,143610730297.333,5.278,34.469,94.48,20.285,9.087,5.714,27.728,44.629,0.621
2019-07-22,254608863723.307,263350751877.35,209377552105.589,144715189336.398,-3.319,21.603,75.938,10.915,7.487,5.159,25.778,44.682,0.577
2019-07-29,284256780484.174,267151847987.682,212051810261.967,146103662880.157,6.403,34.051,94.558,7.414,6.81,4.94,25.984,45.138,0.576
2019-08-05,291002075869.29,271488253057.065,214871462605.086,147545438133.78,7.188,35.431,97.229,4.004,5.982,4.65,26.349,45.631,0.577
2019-08-12,262747714989.821,269899064317.566,216581328761.683,148691729445.78,-2.65,21.316,76.706,2.943,5.623,4.531,24.618,45.658,0.539
2019-08-19,256755501032.822,267509325538.522,218016120628.51,149766990854.606,-4.02,17.769,71.437,0.835,4.966,4.287,22.702,45.57,0.498
2019-08-26,245384047223.708,263486547663.101,218993546578.338,150718404350.816,-6.87,12.051,62.81,0.052,4.593,4.148,20.317,45.3,0.449
2019-09-02,260160781902.202,262881862979.301,220463804982.762,151807383231.925,-1.035,18.006,71.376,-1.598,3.967,3.904,19.24,45.226,0.425
2019-09-09,259040163587.81,262183372180.848,221841532075.799,152874376071.287,-1.199,16.768,69.446,-3.427,3.244,3.612,18.185,45.114,0.403
2019-09-16,257818412689.631,261389743182.445,223126420669.15,153918595341.121,-1.366,15.548,67.503,-3.153,3.022,3.515,17.149,44.964,0.381
2019-09-23,207779016941.707,251642338411.402,222578299107.456,154454519934.162,-17.431,-6.649,34.524,-5.931,2.093,3.13,13.058,44.106,0.296
2019-09-30,205641638694.273,243278574826.469,221973418378.414,154963844498.939,-15.471,-7.358,32.703,-7.669,1.361,2.817,9.598,43.242,0.222
2019-10-07,217544697370.442,238599688016.282,221815249770.986,155586539552.387,-8.824,-1.925,39.822,-9.237,0.613,2.489,7.567,42.567,0.178
2019-10-14,216696851174.198,234617354044.994,221632449821.101,156194602354.594,-7.638,-2.227,38.735,-10.514,-0.094,2.172,5.859,41.895,0.14
2019-10-21,245756747732.163,236642698351.752,222494031889.353,157085767980.241,3.851,10.455,56.447,-9.467,-0.283,2.058,6.359,41.639,0.153
2019-10-28,239557467163.844,237172656317.587,223103440292.014,157906381902.466,1.006,7.375,51.709,-5.75,0.236,2.235,6.306,41.288,0.153
2019-11-04,238942837255.972,237494507397.294,223669133040.726,158712714791.556,0.61,6.829,50.551,-2.378,0.764,2.419,6.181,40.927,0.151
2019-11-11,226638236453.454,235520639952.959,223775172448.324,159388590628.988,-3.771,1.279,42.192,-1.29,0.884,2.444,5.249,40.396,0.13
2019-11-18,183344663072.192,226034098701.91,222331225684.89,159626959509.019,-18.886,-17.535,14.858,-3.658,0.315,2.197,1.665,39.282,0.042
2019-11-25,195735988030.452,220525351307.1,221381395768.66,159986253325.153,-11.241,-11.584,22.346,-6.811,-0.5,1.846,-0.387,38.375,-0.01
2019-12-02,198507420000.38,216522091069.514,220564468062.65,160369548515.951,-8.32,-10.0,23.781,-8.707,-1.138,1.56,-1.833,37.535,-0.049
2019-12-09,188290418573.735,211389059706.645,219411823438.046,160647368118.516,-10.927,-14.184,17.207,-10.992,-1.903,1.219,-3.656,36.58,-0.1
2019-12-16,192907322495.345,208028743850.045,218465234118.664,160968362689.43,-7.269,-11.699,19.842,-11.673,-2.373,0.991,-4.777,35.719,-0.134
2019-12-23,191276560974.515,204982892418.131,217494210077.802,161269936801.72,-6.687,-12.054,18.606,-9.313,-2.176,1.029,-5.752,34.863,-0.165
2019-12-30,191363435467.451,202506627518.007,216560968127.432,161569374599.389,-5.503,-11.635,18.44,-8.171,-2.177,0.99,-6.49,34.036,-0.191
2020-01-06,213615716477.997,204526461874.369,216455780568.524,162087248647.932,4.444,-1.312,31.791,-5.54,-1.863,1.071,-5.511,33.543,-0.164
2020-01-13,234317516176.152,209943017201.966,217093699697.368,162805957777.566,11.61,7.934,43.924,-0.684,-1.057,1.344,-3.294,33.345,-0.099
2020-01-20,232404544361.385,214026931230.951,217640515578.225,163498481027.156,8.587,6.784,42.145,2.883,-0.378,1.572,-1.66,33.115,-0.05
2020-01-27,254481574649.003,221382320943.324,218956267687.896,164403785441.304,14.951,16.225,54.791,8.0,0.672,1.943,1.108,33.182,0.033
2020-02-03,284574399856.704,232871789836.666,221299772408.21,165599512947.925,22.202,28.592,71.845,14.995,2.188,2.494,5.229,33.636,0.155
2020-02-10,281854937930.527,241777816762.823,223462456891.15,166756283345.762,16.576,26.131,69.022,18.213,3.237,2.881,8.196,34.005,0.241
2020-02-17,284966404794.095,249630287313.963,225659026459.113,167932503459.675,14.155,26.282,69.691,18.904,3.945,3.149,10.623,34.375,0.309
2020-02-24,237643544547.154,247450879538.18,226087044962.257,168626145659.551,-3.963,5.112,40.929,15.617,3.881,3.136,9.449,34.076,0.277
2020-03-02,221952612671.422,242814831016.951,225939386666.156,169156757271.609,-8.592,-1.765,31.211,9.681,3.189,2.891,7.469,33.568,0.223
2020-03-09,148951200577.507,225748716391.597,223189808591.561,168955706956.245,-34.019,-33.263,-11.84,-3.059,0.854,2.027,1.147,32.1,0.036
2020-03-16,159598185281.871,213721347098.92,220918679187.644,168862597287.843,-25.324,-27.757,-5.486,-11.604,-1.138,1.263,-3.258,30.827,-0.106
2020-03-23,162033142068.252,204323491638.799,218815624290.523,168794642509.539,-20.698,-25.95,-4.006,-18.15,-3.033,0.513,-6.623,29.634,-0.223
2020-03-30,186748926132.513,201128116092.201,217670385070.594,168973292097.827,-7.149,-14.206,10.52,-18.72,-3.723,0.206,-7.6,28.819,-0.264
2020-04-06,193746964147.018,199786088465.804,216815977180.466,169219796297.322,-3.023,-10.64,14.494,-17.721,-4.038,0.037,-7.855,28.127,-0.279
2020-04-13,202788347334.092,200331953714.584,216314990400.238,169553811730.523,1.226,-6.253,19.601,-11.259,-3.08,0.354,-7.389,27.579,-0.268
2020-04-20,218324973354.639,203603411830.958,216386775505.753,170039096920.813,7.231,0.896,28.397,-4.734,-2.051,0.697,-5.908,27.257,-0.217
2020-04-27,245285269637.254,211181931432.102,217418864581.878,170787815057.295,16.149,12.817,43.62,3.357,-0.638,1.181,-2.869,27.303,-0.105
2020-05-04,235995560648.866,215693500380.605,218082318012.842,171436648346.763,9.412,8.214,37.658,7.242,0.189,1.458,-1.095,27.209,-0.04
2020-05-11,260766380029.603,223888569407.695,219606748799.154,172325501398.334,16.472,18.742,51.322,12.064,1.287,1.835,1.95,27.437,0.071
2020-05-18,240517154082.929,226911948439.556,220353548987.861,173004025305.643,5.996,9.151,39.024,13.268,1.867,2.035,2.976,27.369,0.109
2020-05-25,261669229419.876,233231454072.342,221829109003.29,173886266142.601,12.193,17.96,50.483,14.552,2.515,2.263,5.14,27.571,0.186
2020-06-01,279588000000.0,241659916968.279,223891926538.887,174938024688.446,15.695,24.876,59.821,14.432,2.977,2.43,7.936,27.984,0.284
2020-06-08,266741000000.0,246220113883.138,225422250591.069,175851487129.357,8.334,18.329,51.685,14.153,3.366,2.575,9.226,28.189,0.327
2020-06-15,265657000000.0,249754093177.113,226859205927.102,176745074322.099,6.367,17.102,50.305,11.553,3.302,2.565,10.092,28.354,0.356
2020-06-22,260986000000.0,251796258054.001,228078020001.135,177583292488.049,3.65,14.428,46.965,10.967,3.505,2.647,10.399,28.434,0.366
2020-06-29,262660000000.0,253771483862.365,229313090715.38,178429826891.153,3.503,14.542,47.206,8.807,3.374,2.613,10.666,28.517,0.374
2020-07-06,276695000000.0,257939395887.389,231005301761.259,179407589807.659,7.271,19.779,54.227,6.737,3.177,2.555,11.66,28.76,0.405
2020-07-13,274971000000.0,261036051180.591,232575505269.785,180358469511.065,5.338,18.229,52.458,6.017,3.173,2.563,12.237,28.952,0.423
2020-07-20,301851000000.0,268456950965.938,235049630081.579,181567350411.452,12.439,28.42,66.247,7.489,3.61,2.728,14.213,29.456,0.483
2020-07-27,336723000000.0,280868959881.222,238680821864.38,183111187720.791,19.886,41.077,83.89,11.546,4.649,3.113,17.676,30.347,0.582
2020-08-03,356916000000.0,294695694448.273,242903506797.795,184840588837.997,21.113,46.937,93.094,16.126,5.927,3.593,21.322,31.412,0.679
2020-08-10,374781000000.0,309256659094.041,247613417269.302,186730543177.918,21.188,51.357,100.707,19.895,7.189,4.082,24.895,32.605,0.764
2020-08-17,360286000000.0,318534721076.943,251637438081.113,188457463146.297,13.107,43.177,91.176,22.027,8.196,4.49,26.585,33.525,0.793
2020-08-24,367060000000.0,327357499062.953,255759672435.359,190234602816.483,12.128,43.518,92.951,21.94,8.811,4.774,27.994,34.444,0.813
2020-08-31,321989000000.0,326381408324.235,258125005562.667,191545591843.184,-1.346,24.741,68.1,16.204,8.147,4.606,26.443,34.759,0.761
2020-09-07,328410000000.0,326750243174.374,260635183935.429,192907426750.217,0.508,26.004,70.242,10.877,7.3,4.364,25.367,35.109,0.723
2020-09-14,339248000000.0,329022562597.215,263442784509.164,194363551857.18,3.108,28.775,74.543,6.391,6.393,4.088,24.893,35.541,0.7
2020-09-21,336328125147.674,330350846697.298,266045832389.111,195776134675.991,1.809,26.417,71.792,3.71,5.726,3.883,24.171,35.893,0.673
2020-09-28,332590981309.071,330758143899.439,268422444850.538,197137476433.534,0.554,23.906,68.71,1.039,4.951,3.629,23.223,36.16,0.642
2020-10-05,351695120891.118,334564866988.835,271396468994.844,198675363443.062,5.12,29.587,77.02,2.507,5.141,3.722,23.275,36.603,0.636
2020-10-12,354753118616.94,338235458193.945,274373492195.633,200228375932.355,4.883,29.296,77.174,3.515,5.271,3.795,23.276,37.03,0.629
2020-10-19,390813568280.651,347795114573.346,278532066341.527,202124746005.472,12.369,40.312,93.353,5.706,5.728,3.993,24.867,37.802,0.658
2020-10-26,401162840710.781,357498337507.425,282911736854.714,204105224559.754,12.214,41.798,96.547,8.218,6.339,4.254,26.364,38.611,0.683
2020-11-02,441355256307.061,372745050016.45,288570433978.013,206465921393.06,18.407,52.945,113.767,12.694,7.506,4.732,29.17,39.767,0.734
2020-11-09,451828133431.257,387123792455.506,294401066101.343,208907336438.217,16.714,53.474,116.282,15.71,8.476,5.15,31.495,40.924,0.77
2020-11-16,528241637173.277,412781582404.191,302752515068.198,212084792166.924,27.971,74.48,149.071,22.04,10.343,5.921,36.343,42.751,0.85
2020-11-23,537924391132.588,435534820354.809,311151510641.926,215326977231.259,23.509,72.882,149.817,25.227,11.711,6.532,39.975,44.502,0.898
2020-11-30,565876125951.925,459233239554.285,320248818331.569,218815028462.31,23.222,76.699,158.609,28.457,13.197,7.207,43.399,46.356,0.936
2020-12-07,554133386510.681,476487811728.175,328601838623.68,222151529537.418,16.295,68.634,149.439,27.832,13.872,7.597,45.005,47.918,0.939
2020-12-14,650876440776.609,508194835191.526,340111645843.427,226417449052.236,28.076,91.371,187.467,31.275,15.527,8.382,49.42,50.214,0.984
2020-12-21,695068319531.65,542171832344.276,352788669903.721,231080641793.325,28.201,97.021,200.79,31.346,16.527,8.957,53.682,52.669,1.019
2020-12-28,874620223357.628,602616994346.704,371425511098.503,237484020714.363,45.137,135.477,268.286,38.363,19.371,10.29,62.244,56.4,1.104
2021-01-04,1033108510287.15,680888179063.148,395057046783.812,245400682302.151,51.73,161.509,320.988,48.266,23.359,12.15,72.352,60.984,1.186
2021-01-11,997372372346.591,738430759660.138,416568308411.054,252882987675.728,35.066,139.426,294.401,54.974,26.77,13.834,77.265,64.728,1.194
2021-01-18,952971028043.9,777438081184.458,435725548397.942,259849037828.645,22.578,118.709,266.74,52.98,28.113,14.765,78.424,67.684,1.159
2021-01-25,977898447907.705,813885420588.685,455088866237.576,266993808078.188,20.152,114.881,266.263,50.116,28.998,15.541,78.841,70.449,1.119
2021-02-01,1168609749339.437,878380753088.822,480571754919.785,275965110976.31,33.041,143.171,323.463,45.761,29.386,16.204,82.778,74.142,1.116
2021-02-08,1468284426090.297,985635966361.817,515847207461.589,287828984758.539,48.968,184.636,410.124,44.757,30.575,17.289,91.071,79.22,1.15
2021-02-15,1716963172192.09,1118604549240.049,558744206201.964,302049225429.519,53.492,207.29,468.438,51.484,34.13,19.442,100.2,84.984,1.179
2021-02-22,1366295861649.843,1163639333314.557,587585336753.674,312638744197.881,17.416,132.527,337.021,49.676,34.852,20.316,98.038,87.944,1.115
2021-03-01,1555375042782.239,1234864007763.226,622149254826.123,325004279507.178,25.955,150.0,378.571,51.725,36.709,21.727,98.484,91.428,1.077
2021-03-08,1753657439070.651,1329190086182.758,662560261406.285,339219733831.192,31.934,164.679,416.968,51.323,37.869,22.921,100.614,95.319,1.056
2021-03-15,1746452848076.315,1405056042890.678,701270710930.215,353222053375.92,24.298,149.041,394.435,42.553,35.945,22.719,100.359,98.535,1.019
2021-03-22,1707522244936.178,1460049897808.041,737208265716.142,366697677172.54,16.95,131.62,365.649,30.524,31.94,21.403,98.051,101.04,0.97
2021-03-29,1879008990335.391,1536224278267.559,777986863023.972,381745550935.354,22.313,141.522,392.215,32.019,32.404,22.104,97.461,103.797,0.939
2021-04-05,2009907450410.687,1622348491384.492,821984026859.212,397946166850.531,23.889,144.519,405.07,31.379,32.12,22.443,97.37,106.557,0.914
2021-04-12,2005354124886.951,1691985879294.03,864247244645.917,413940275885.72,18.521,132.035,384.455,27.295,30.441,22.027,95.776,108.785,0.88
2021-04-19,1790647938214.284,1709924435461.349,897332983701.93,427638859590.481,4.721,99.552,318.729,21.698,27.958,21.068,90.556,109.834,0.824
2021-04-26,2160506986143.172,1791848535585.317,942446340931.974,444881328511.404,20.574,129.245,385.637,22.725,27.84,21.321,90.127,111.842,0.806
2021-05-03,2402340662654.827,1902847104143.41,994585423850.648,464358535816.313,26.25,141.542,417.346,23.865,27.841,21.641,91.321,114.185,0.8
2021-05-10,2129758545560.963,1944103729855.692,1035127321054.588,480929680191.882,9.55,105.748,342.842,19.833,25.93,20.853,87.813,115.235,0.762
2021-05-17,1389932050908.581,1843345242774.399,1047798918549.373,489974479900.506,-24.597,32.653,183.674,8.946,21.238,18.368,75.925,113.848,0.667
2021-05-24,1519542902018.024,1784472089909.604,1064646917958.968,500218941812.123,-14.846,42.727,203.776,4.36,18.646,16.972,67.612,112.836,0.599
2021-05-31,1606743671379.158,1752157831994.977,1084007516295.403,511229138126.223,-8.299,48.223,214.29,-2.215,15.021,14.914,61.637,112.039,0.55
2021-06-07,1608615693243.544,1726059261312.898,1102743522614.98,522148407331.37,-6.804,45.874,208.076,-9.291,10.875,12.445,56.524,111.194,0.508
2021-06-14,1474324904557.912,1680289378266.537,1116014286255.799,531622800338.6,-12.258,32.106,177.325,-13.57,7.814,10.541,50.562,109.926,0.46
2021-06-21,1364948074017.898,1622954595675.876,1124904778675.874,539914594106.553,-15.897,21.339,152.808,-11.956,7.359,10.192,44.275,108.349,0.409
2021-06-28,1449143104298.569,1591352506334.547,1136484718876.684,548961643959.21,-8.936,27.511,163.979,-10.822,6.748,9.744,40.024,107.024,0.374
2021-07-05,1391267365717.748,1554973389858.766,1145584099121.008,557342795419.494,-10.528,21.446,149.625,-11.254,5.68,9.02,35.736,105.544,0.339
2021-07-12,1284200065710.049,1505741876377.181,1150534669356.331,564575206069.151,-14.713,11.618,127.463,-12.764,4.334,8.125,30.873,103.788,0.297
2021-07-19,1419578962555.226,1490075892045.916,1160143394113.435,573082706133.689,-4.731,22.362,147.709,-11.32,3.954,7.799,28.439,102.439,0.278
2021-07-26,1590688423708.04,1508369079620.848,1175520002313.242,583208136159.304,5.458,35.318,172.748,-7.06,4.5,8.019,28.315,101.561,0.279
2021-08-02,1761788463987.6,1554445331323.894,1196458161658.755,594935303600.382,13.339,47.25,196.131,-2.319,5.277,8.375,29.921,101.107,0.296
2021-08-09,2004993387027.884,1636363159633.71,1225334419707.652,608965732291.203,22.527,63.628,229.246,5.234,6.962,9.262,33.544,101.216,0.331
2021-08-16,2091471184585.487,1719110073261.306,1256267875596.146,623717030323.982,21.66,66.483,235.324,14.17,9.19,10.475,36.843,101.416,0.363
2021-08-23,2098080420847.493,1788013772822.431,1286332609355.123,638387312816.753,17.341,63.106,228.653,19.995,10.877,11.395,39.001,101.497,0.384
2021-08-30,2368163972627.837,1893495627332.505,1324969443757.72,655599020874.575,25.068,78.733,261.221,25.533,12.713,12.413,42.909,102.101,0.42
2021-09-06,2151159820847.518,1940343662517.053,1354476242939.498,670480222864.355,10.865,58.819,220.839,24.825,13.207,12.698,43.254,102.016,0.424
2021-09-13,2142436064654.783,1977087735633.003,1382617665143.616,685126549648.34,8.363,54.955,212.707,20.822,12.836,12.507,42.996,101.805,0.422
2021-09-20,1962699506354.168,1974471693945.942,1403334873758.278,697838718371.781,-0.596,39.86,181.254,14.854,11.707,11.884,40.699,101.097,0.403
2021-09-27,2183066502423.037,2012398022759.96,1431182431924.877,712617104282.739,8.481,52.536,206.345,12.549,11.261,11.628,40.611,100.835,0.403
2021-10-04,2297789252090.076,2064287337183.617,1462132675502.205,728389961474.851,11.312,57.153,215.461,9.02,10.352,11.103,41.183,100.735,0.409
2021-10-11,2491774737019.184,2142012318971.902,1498905606270.669,745936078644.447,16.329,66.24,234.047,10.393,10.663,11.254,42.905,100.943,0.425
2021-10-18,2552526765478.387,2216651309245.808,1536534933385.23,763912105379.113,15.152,66.122,234.139,12.117,11.132,11.499,44.263,101.14,0.438
2021-10-25,2623672196909.627,2290655107002.866,1575361264225.387,782417180916.73,14.538,66.544,235.329,16.014,12.258,12.12,45.405,101.345,0.448
2021-11-01,2774650209522.178,2378654216551.832,1618193012271.701,802240395131.709,16.648,71.466,245.863,18.2,13.067,12.577,46.994,101.709,0.462
2021-11-08,2833565009076.269,2461365269738.093,1661599155014.721,822452580345.088,15.122,70.532,244.526,19.236,13.642,12.914,48.132,102.03,0.472
2021-11-15,2588822363593.017,2484539286802.625,1694714269606.804,840028399083.873,4.197,52.759,208.183,15.991,13.063,12.614,46.605,101.745,0.458
2021-11-22,2528594242663.174,2492549278777.27,1724495697215.96,856830049268.742,1.446,46.628,195.11,12.447,12.233,12.163,44.538,101.265,0.44
2021-11-29,2268608316073.0,2451832740103.767,1743928290746.568,870877594212.068,-7.473,30.086,160.497,7.036,10.7,11.306,40.593,100.25,0.405
2021-12-06,2279422074120.0,2420485346288.536,1763053068724.191,884892962171.351,-5.828,29.288,157.593,1.759,8.952,10.303,37.289,99.239,0.376
2021-12-13,2188389744515.0,2378286145966.075,1778243664288.148,897863079408.601,-7.985,23.065,143.733,-3.375,7.02,9.169,33.744,98.053,0.344
2021-12-20,2397275093144.0,2381738681816.607,1800351929604.429,912782601933.332,0.652,33.156,162.634,-4.138,6.233,8.661,32.293,97.238,0.332
2021-12-27,2246356374300.0,2357123716813.587,1816280659772.128,926051992703.149,-4.699,23.679,142.573,-5.433,5.322,8.079,29.778,96.132,0.31
2022-01-03,1964256715663.0,2285693352968.026,1821565518911.087,936382387956.481,-14.063,7.833,109.771,-6.776,4.452,7.522,25.48,94.532,0.27
2022-01-10,2073609959460.0,2247132735966.566,1830567106073.549,947698085185.372,-7.722,13.277,118.805,-7.162,3.829,7.097,22.756,93.159,0.244
2022-01-17,1673937901246.0,2142915493290.1,1824973205901.136,954924352011.846,-21.885,-8.276,75.295,-9.897,2.628,6.355,17.422,91.112,0.191
2022-01-24,1695094423355.0,2061493480574.627,1820334677953.06,962289228343.618,-17.773,-6.88,76.152,-13.446,1.11,5.424,13.248,89.167,0.149
2022-01-31,1914315170539.0,2034733787840.877,1823691124116.844,971762123290.836,-5.918,4.969,96.994,-13.677,0.408,4.936,11.572,87.668,0.132
2022-02-07,1854284613678.0,2001924847083.99,1824783748744.028,980543441603.146,-7.375,1.617,89.108,-12.415,0.177,4.716,9.708,86.099,0.113
2022-02-14,1713525724502.0,1949488642978.174,1820810247878.241,987836797651.891,-12.104,-5.892,73.462,-13.246,-0.533,4.235,7.067,84.323,0.084
2022-02-21,1680269841713.0,1900539770020.869,1815790947658.054,994726678687.325,-11.59,-7.463,68.918,-11.311,-0.503,4.168,4.667,82.542,0.057
2022-02-28,1684651315313.0,1861287323710.348,1811107389360.016,1001591600444.794,-9.49,-6.982,68.197,-9.712,-0.507,4.084,2.771,80.823,0.034
2022-03-07,1660913757426.0,1824855766204.103,1805743331076.659,1008152019917.244,-8.984,-8.02,64.748,-10.315,-0.984,3.745,1.058,79.114,0.013
2022-03-14,1820398192350.0,1824045298230.629,1806266718979.278,1016234071384.237,-0.2,0.782,79.132,-8.885,-1.015,3.64,0.984,77.741,0.013
2022-03-21,2070700969389.0,1868891783895.788,1815710799351.054,1026726279324.583,10.798,14.044,101.68,-4.134,-0.28,3.937,2.929,76.845,0.038
2022-03-28,2127340704836.0,1915882496794.008,1826840438832.659,1037677666643.104,11.037,16.449,105.01,0.807,0.609,4.318,4.874,76.051,0.064
2022-04-04,1921606403131.0,1916923207037.097,1830224937557.6,1046472977453.929,0.244,4.993,83.627,2.989,1.056,4.481,4.737,74.895,0.063
2022-04-11,1814082751041.0,1898224942310.534,1829648430896.293,1054110885648.825,-4.433,-0.851,72.096,4.021,1.324,4.559,3.748,73.573,0.051
2022-04-18,1795966928575.0,1879632576176.801,1828445520099.104,1061492537817.245,-4.451,-1.776,69.193,3.047,1.228,4.454,2.799,72.252,0.039
2022-04-25,1717289457811.0,1850115645564.837,1824475660731.671,1068017880304.745,-7.179,-5.875,60.792,-1.005,0.483,4.022,1.405,70.828,0.02
2022-05-02,1554029635173.0,1796281825493.594,1814816874104.576,1072853818164.131,-13.486,-14.37,44.85,-6.243,-0.658,3.39,-1.021,69.158,-0.015
2022-05-09,1334858919565.0,1712386751688.395,1797675518585.305,1075460834098.468,-22.047,-25.745,24.12,-10.67,-1.778,2.77,-4.744,67.154,-0.071
2022-05-16,1279063424281.0,1633600692159.778,1779153658074.437,1077486730518.194,-21.703,-28.108,18.708,-13.941,-2.76,2.218,-8.181,65.121,-0.126
2022-05-23,1208976103055.0,1556396221413.454,1758790173966.6,1078795082483.735,-22.322,-31.261,12.067,-17.197,-3.81,1.63,-11.508,63.033,-0.183
2022-05-30,1213801749462.0,1494106317422.281,1739326301662.864,1080138432403.917,-18.761,-30.214,12.375,-19.243,-4.667,1.135,-14.099,61.028,-0.231
2022-06-06,1054580582327.0,1414192547404.957,1714871097400.869,1079884125437.977,-25.429,-38.504,-2.343,-21.271,-5.507,0.655,-17.534,58.801,-0.298
2022-06-13,881392567803.0,1317319823840.965,1685104007058.088,1077909085063.5,-33.092,-47.695,-18.231,-23.071,-6.262,0.228,-21.826,56.331,-0.387
2022-06-20,921097014981.0,1245279313139.153,1657818043055.335,1076348765958.201,-26.033,-44.439,-14.424,-23.771,-6.82,-0.106,-24.884,54.022,-0.461
2022-06-27,851058376595.0,1173602779222.034,1629005197824.609,1074107070541.652,-27.483,-47.756,-20.766,-24.595,-7.379,-0.435,-27.956,51.661,-0.541
2022-07-04,905156521467.0,1124794368721.119,1603153459383.265,1072425970550.859,-19.527,-43.539,-15.597,-24.718,-7.829,-0.714,-29.839,49.488,-0.603
2022-07-11,931287652653.0,1089611329436.007,1579158252000.042,1071021609178.741,-14.53,-41.026,-13.047,-22.952,-7.914,-0.821,-31.0,47.444,-0.653
2022-07-18,1020000000000.0,1076954724084.005,1559188314428.611,1070513931475.47,-5.288,-34.581,-4.719,-18.247,-7.472,-0.686,-30.929,45.649,-0.678
2022-07-25,1060000000000.0,1073872046977.823,1541360160341.875,1070409315241.883,-1.292,-31.23,-0.972,-13.765,-7.025,-0.552,-30.33,43.997,-0.689
2022-08-01,1070000000000.0,1073168038436.4,1524525868901.094,1070405242453.407,-0.295,-29.814,-0.038,-8.558,-6.414,-0.345,-29.606,42.425,-0.698
2022-08-08,1140000000000.0,1085319304175.237,1510792802154.627,1071097727603.124,5.038,-24.543,6.433,-3.51,-5.761,-0.124,-28.162,41.051,-0.686
2022-08-15,1000000000000.0,1069806703416.103,1492550202077.676,1070390287527.471,-6.525,-33.001,-6.576,-1.818,-5.484,-0.059,-28.324,39.44,-0.718
2022-08-22,922000000000.0,1042932757340.448,1472173409146.33,1068913767253.566,-11.595,-37.372,-13.744,-3.159,-5.581,-0.149,-29.157,37.726,-0.773
2022-08-29,961832327290.0,1028187224604.003,1453946941937.176,1067848280288.755,-6.454,-33.847,-9.928,-4.254,-5.671,-0.239,-29.283,36.157,-0.81
2022-09-05,1025628282365.0,1027721962378.73,1438649846952.455,1067428180806.926,-0.204,-28.709,-3.916,-4.235,-5.633,-0.278,-28.563,34.777,-0.821
2022-09-12,895367919022.0,1003657590859.324,1419246920954.939,1065716138401.106,-10.79,-36.912,-15.984,-7.524,-6.059,-0.502,-29.282,33.173,-0.883
2022-09-19,885847079159.0,982237497822.902,1400196926605.084,1063926396518.1,-9.813,-36.734,-16.738,-8.186,-6.188,-0.604,-29.85,31.607,-0.944
2022-09-26,884666729245.0,964497358081.465,1381785133842.224,1062142718236.776,-8.277,-35.977,-16.709,-7.521,-6.14,-0.633,-30.199,30.094,-1.003
2022-10-03,905531793571.0,953776346352.289,1364776085975.394,1060584400578.41,-5.058,-33.65,-14.62,-7.237,-6.133,-0.68,-30.115,28.682,-1.05
2022-10-10,885432406930.0,941350175548.237,1347656668866.63,1058841594671.46,-5.94,-34.298,-16.377,-8.404,-6.325,-0.804,-30.149,27.277,-1.105
2022-10-17,898319267006.0,933526373995.103,1331608904514.465,1057244357580.262,-3.771,-32.539,-15.032,-6.988,-6.175,-0.795,-29.895,25.951,-1.152
2022-10-24,972427353939.0,940599279439.448,1318780991993.913,1056400407295.274,3.384,-26.263,-7.949,-4.239,-5.815,-0.707,-28.677,24.837,-1.155
2022-10-31,982002634807.0,948127162233.548,1306753193522.951,1055660130952.107,3.573,-24.852,-6.977,-1.697,-5.43,-0.61,-27.444,23.785,-1.154
2022-11-07,782478607665.0,918009243221.085,1288029101170.882,1052941906839.798,-14.764,-39.25,-25.686,-3.75,-5.623,-0.721,-28.728,22.327,-1.287
2022-11-14,763955786082.0,889999523741.251,1269312197060.565,1050066423051.163,-14.162,-39.813,-27.247,-5.455,-5.813,-0.829,-29.883,20.879,-1.431
2022-11-21,789878036834.0,871795617030.842,1252189548481.044,1047477483884.823,-9.396,-36.92,-24.592,-6.613,-5.964,-0.924,-30.378,19.543,-1.554
2022-11-28,814573179432.0,861391537467.416,1236560392443.579,1045160028119.123,-5.435,-34.126,-22.062,-8.421,-6.235,-1.064,-30.34,18.313,-1.657
2022-12-05,805672651667.0,851260830958.25,1221171544558.701,1042777069149.45,-5.355,-34.025,-22.738,-10.217,-6.549,-1.22,-30.291,17.108,-1.771
2022-12-12,768611952781.0,836233762198.75,1205008701995.211,1040049058041.307,-8.086,-36.215,-26.098,-8.908,-6.446,-1.224,-30.604,15.861,-1.93
2022-12-19,769935161734.0,824179471205.159,1189470361271.597,1037361357580.537,-6.582,-35.271,-25.779,-7.396,-6.29,-1.21,-30.71,14.663,-2.094
2022-12-26,759168248517.0,812359248898.221,1174102428673.218,1034593266943.089,-6.548,-35.341,-26.622,-6.818,-6.236,-1.23,-30.81,13.484,-2.285
2023-01-02,797791807032.0,809710623104.363,1160662763614.603,1032237033511.138,-1.472,-31.264,-22.712,-6.0,-6.138,-1.236,-30.237,12.441,-2.43
2023-01-09,938638692326.0,833152090235.569,1152733332497.153,1031305706733.177,12.661,-18.573,-8.985,-2.127,-5.604,-1.1,-27.724,11.774,-2.355
2023-01-16,991332011552.0,861912075929.466,1146968999606.255,1030907958522.419,15.015,-13.569,-3.839,3.071,-4.817,-0.879,-24.853,11.258,-2.208
2023-01-23,1031327721029.0,892714920493.018,1142838953942.781,1030912135263.778,15.527,-9.757,0.04,8.316,-3.92,-0.622,-21.886,10.857,-2.016
2023-01-30,1015778509028.0,915090118408.469,1138301080910.111,1030761551918.148,11.003,-10.764,-1.454,12.646,-3.049,-0.37,-19.609,10.433,-1.88
2023-02-06,968047492284.0,924718731840.384,1132220595602.035,1030137531424.276,4.686,-14.5,-6.027,14.204,-2.451,-0.203,-18.327,9.91,-1.849
2023-02-13,1063964234826.0,950036096019.587,1129782868431.462,1030474115537.726,11.992,-5.826,3.25,14.029,-1.991,-0.081,-15.91,9.637,-1.651
2023-02-20,1034755800158.0,965439678590.207,1126389044564.553,1030516719364.793,7.18,-8.135,0.411,12.011,-1.794,-0.038,-14.289,9.303,-1.536
2023-02-27,989094116329.0,969740485451.806,1121485654270.426,1030104554160.457,1.996,-11.805,-3.981,8.628,-1.868,-0.078,-13.531,8.871,-1.525
2023-03-06,983696371563.0,972277919290.205,1116564608459.447,1029642781199.288,1.174,-11.9,-4.462,6.249,-1.91,-0.109,-12.922,8.442,-1.531
2023-03-13,1141599300992.0,1003063625054.168,1117458704621.324,1030756776421.106,13.811,2.16,10.754,8.472,-1.304,0.06,-10.237,8.411,-1.217
2023-03-20,1136380155160.0,1027302994164.319,1118134470711.991,1031807755314.031,10.618,1.632,10.135,8.133,-1.031,0.129,-8.123,8.367,-0.971
2023-03-27,1141308604200.0,1048031286898.079,1118962118336.562,1032897315999.463,8.9,1.997,10.496,8.555,-0.659,0.231,-6.339,8.332,-0.761
2023-04-03,1150834712593.0,1066722818842.61,1120100425274.292,1034070822433.23,7.885,2.744,11.292,10.001,-0.124,0.385,-4.765,8.32,-0.573
2023-04-10,1243600208126.0,1098882344166.863,1124511131804.71,1036155691942.61,13.17,10.59,20.021,13.021,0.712,0.633,-2.279,8.527,-0.267
2023-04-17,1128920339491.0,1104343797862.161,1124668603507.792,1037078723261.5,2.225,0.378,8.856,10.097,0.645,0.613,-1.807,8.446,-0.214
2023-04-24,1162883940336.0,1114987460130.131,1126033436965.943,1038330516466.221,4.296,3.273,11.996,8.535,0.706,0.632,-0.981,8.447,-0.116
2023-05-01,1143885750360.0,1120241694717.38,1126671019587.159,1039380817300.985,2.111,1.528,10.055,6.89,0.689,0.628,-0.571,8.398,-0.068
2023-05-08,1091068576282.0,1114937491365.493,1125399503754.832,1039895123360.498,-2.141,-3.051,4.921,4.52,0.473,0.563,-0.93,8.222,-0.113
2023-05-15,1083016935518.0,1109133753938.676,1123885840603.516,1040324196118.284,-2.355,-3.636,4.104,0.933,-0.056,0.402,-1.313,8.032,-0.163
2023-05-22,1126488029470.0,1112289076762.553,1123978775920.177,1041181547693.923,1.277,0.223,8.193,0.719,-0.061,0.396,-1.04,7.952,-0.131
2023-05-29,1106884389069.0,1111306406272.816,1123368262104.063,1041835307309.595,-0.398,-1.467,6.244,-0.33,-0.237,0.338,-1.074,7.826,-0.137
2023-06-05,1023794316120.0,1095395117154.122,1119812049747.489,1041655794959.45,-6.537,-8.574,-1.715,-2.218,-0.609,0.219,-2.18,7.503,-0.291
2023-06-12,1029443032786.0,1083403829087.191,1116584584856.008,1041534274937.824,-4.981,-7.804,-1.161,-2.828,-0.783,0.158,-2.972,7.206,-0.412
2023-06-19,1148312785690.0,1095205457560.429,1117717734885.793,1042596747681.626,4.849,2.737,10.14,-1.256,-0.549,0.218,-2.014,7.205,-0.28
2023-06-26,1163719579714.0,1107662570679.26,1119360657915.372,1043801949990.406,5.061,3.963,11.489,-0.416,-0.411,0.252,-1.045,7.239,-0.144
2023-07-03,1138038676849.0,1113185499073.758,1120027730020.144,1044739628864.621,2.233,1.608,8.93,0.169,-0.297,0.279,-0.611,7.206,-0.085
2023-07-10,1172938165525.0,1124049620246.711,1121917388431.032,1046015236194.575,4.349,4.548,12.134,2.616,0.188,0.419,0.19,7.256,0.026
2023-07-17,1166417000182.0,1131752780234.946,1123506660279.281,1047213263696.937,3.063,3.819,11.383,4.463,0.62,0.545,0.734,7.285,0.101
2023-07-24,1144986280559.0,1134158871202.956,1124273789574.985,1048186129536.361,0.955,1.842,9.235,3.557,0.587,0.536,0.879,7.259,0.121
2023-07-31,1122740356687.0,1132082777654.6,1124219024114.7,1048927962642.337,-0.825,-0.132,7.037,2.205,0.434,0.491,0.699,7.178,0.097
2023-08-07,1134379837981.0,1132500424986.673,1124581910324.211,1049778230058.642,0.166,0.871,8.059,1.735,0.407,0.482,0.704,7.126,0.099
2023-08-14,1040192174609.0,1115717106736.187,1121567991191.525,1049682846422.328,-6.769,-7.256,-0.904,-0.741,-0.031,0.351,-0.522,6.848,-0.076
2023-08-21,1033783774970.0,1100820137324.153,1118432840612.185,1049524646706.384,-6.09,-7.569,-1.5,-2.733,-0.452,0.221,-1.575,6.566,-0.24
2023-08-28,1025264778342.0,1087082799327.398,1115105409816.821,1049283254981.365,-5.687,-8.057,-2.289,-4.151,-0.815,0.105,-2.513,6.273,-0.401
2023-09-04,1016323448036.0,1074217462728.962,1111577482610.363,1048955296703.302,-5.389,-8.569,-3.111,-5.111,-1.124,0.003,-3.361,5.97,-0.563
2023-09-11,1034554130171.0,1067005947718.423,1108826648594.671,1048812001513.926,-3.041,-6.698,-1.359,-5.783,-1.401,-0.092,-3.772,5.722,-0.659
2023-09-18,1023257062088.0,1059051604876.528,1105770591933.719,1048557723509.688,-3.38,-7.462,-2.413,-5.079,-1.409,-0.107,-4.225,5.456,-0.774
2023-09-25,1088675374277.0,1064437744767.523,1105160048445.979,1048956904114.338,2.277,-1.492,3.786,-3.305,-1.187,-0.054,-3.685,5.358,-0.688
2023-10-02,1069914446776.0,1065433508769.064,1103901276957.765,1049165436877.14,0.421,-3.079,1.978,-1.992,-1.005,-0.011,-3.485,5.217,-0.668
2023-10-09,1039017210209.0,1060630545394.507,1101583988859.595,1049064459497.358,-2.038,-5.68,-0.958,-1.265,-0.899,0.01,-3.718,5.006,-0.743
2023-10-16,1123779348878.0,1072112146027.87,1102376680288.824,1049807891232.488,4.819,1.942,7.046,0.479,-0.582,0.095,-2.745,5.007,-0.548
2023-10-23,1246844438034.0,1103881653665.348,1107536243065.437,1051768453887.23,12.951,12.578,18.547,4.233,0.16,0.306,-0.33,5.302,-0.062
2023-10-30,1293401594488.0,1138339824724.012,1114174291330.529,1054172763743.954,13.622,16.086,22.694,6.943,0.816,0.497,2.169,5.692,0.381
2023-11-06,1384214143842.0,1183044246381.828,1123818571777.367,1057456757575.775,17.004,23.171,30.9,11.039,1.804,0.79,5.27,6.276,0.84
2023-11-13,1388889282649.0,1220470616612.223,1133285382879.926,1060754593646.156,13.799,22.554,30.934,15.07,2.878,1.114,7.693,6.838,1.125
2023-11-20,1394477392386.0,1252108212207.455,1142613668933.714,1064075218509.239,11.37,22.043,31.051,16.789,3.65,1.359,9.583,7.381,1.298
2023-11-27,1465379900795.0,1290884882859.736,1154141034357.331,1068068299925.018,13.517,26.967,37.199,16.941,4.208,1.55,11.848,8.059,1.47
2023-12-04,1602827523759.0,1347601726659.602,1170165551835.962,1073389287226.848,18.939,36.974,49.324,18.383,5.025,1.823,15.163,9.016,1.682
2023-12-11,1525613889797.0,1379967574502.766,1182860135334.571,1077889034516.103,10.554,28.977,41.537,16.645,5.254,1.932,16.664,9.739,1.711
2023-12-18,1612131707224.0,1422179234997.535,1198191262902.05,1083204882005.734,13.356,34.547,48.83,16.527,5.727,2.116,18.694,10.615,1.761
2023-12-25,1605069948147.0,1455432091933.802,1212722644517.941,1088397569231.021,10.281,32.353,47.471,16.239,6.136,2.286,20.014,11.423,1.752
2024-01-01,1595821205830.0,1480957385369.474,1226404735993.372,1093446560639.966,7.756,30.122,45.944,14.724,6.261,2.376,20.756,12.16,1.707
2024-01-08,1602390855015.0,1503036198032.297,1239832811672.716,1098510682972.055,6.61,29.242,45.869,11.534,5.954,2.34,21.229,12.865,1.65
2024-01-15,1589666895450.0,1518787233926.425,1252326886093.333,1103397809464.373,4.667,26.937,44.07,10.06,5.873,2.367,21.277,13.497,1.576
2024-01-22,1573148962053.0,1528671184494.893,1263784817377.607,1108071950286.151,2.91,24.479,41.972,7.488,5.474,2.296,20.96,14.053,1.492
2024-01-29,1588269611357.0,1539507262106.185,1275373560019.728,1112850036465.96,3.167,24.534,42.721,5.777,5.166,2.247,20.71,14.604,1.418
2024-02-05,1757727930213.0,1579183747216.515,1292600501812.345,1119266731926.129,11.306,35.984,57.043,6.633,5.398,2.361,22.171,15.486,1.432
2024-02-12,1914962276804.0,1640234388959.694,1314827708062.047,1127184100531.879,16.749,45.644,69.889,9.128,6.049,2.61,24.749,16.647,1.487
2024-02-19,1940343014674.0,1694799593635.023,1337167540441.045,1135275234005.93,14.488,45.108,70.914,11.589,6.775,2.889,26.745,17.784,1.504
2024-02-26,2305499410595.0,1805835923991.382,1371750821517.972,1146919255663.533,27.669,68.07,101.017,18.131,8.543,3.506,31.645,19.603,1.614
2024-03-04,2531823478301.0,1937833661138.585,1413181987831.652,1160699397182.314,30.652,79.158,118.129,25.874,10.805,4.3,37.126,21.753,1.707
2024-03-11,2512429612836.0,2042305652356.297,1452440831581.807,1174149449079.366,23.019,72.98,113.979,29.327,12.366,4.903,40.612,23.702,1.713
2024-03-18,2467923335341.0,2119690685626.243,1488708063858.921,1187022821081.969,16.428,65.776,107.909,29.231,13.225,5.309,42.385,25.415,1.668
2024-03-25,2617086017392.0,2210126200492.745,1529007276485.103,1201252305622.367,18.413,71.162,117.863,30.406,14.347,5.812,44.546,27.284,1.633
2024-04-01,2513494627705.0,2265284096349.519,1564167539028.67,1214309443155.528,10.957,60.692,106.99,25.442,14.027,5.876,44.824,28.811,1.556
2024-04-08,2323019808928.0,2275781498636.515,1591269405810.789,1225341387093.563,2.076,45.985,89.581,17.439,12.602,5.569,43.017,29.863,1.44
2024-04-15,2318855632543.0,2283613159346.785,1617254628194.083,1236222125854.253,1.543,43.382,87.576,11.815,11.347,5.287,41.203,30.822,1.337
2024-04-22,2283746577955.0,2283637417275.551,1641057912114.115,1246645254730.878,0.005,39.163,83.191,7.734,10.234,5.023,39.156,31.638,1.238
2024-04-29,2297205709199.0,2286104379443.451,1664491762010.004,1257098592586.282,0.486,38.012,82.739,3.438,8.861,4.649,37.345,32.407,1.152
2024-05-06,2203262820120.0,2271042277748.278,1683733585513.932,1266513162014.478,-2.985,30.856,73.963,0.254,7.644,4.299,34.881,32.942,1.059
2024-05-13,2333790197264.0,2282450990387.501,1706949893076.435,1277132834007.011,2.249,36.723,82.737,0.293,7.27,4.227,33.715,33.655,1.002
2024-05-20,2490752253563.0,2320323947328.501,1734942834522.384,1289208649126.971,7.345,43.564,93.2,1.608,7.277,4.286,33.741,34.574,0.976
2024-05-27,2458790275935.0,2345499643438.773,1760794528858.548,1300846277254.414,4.83,39.641,89.015,2.709,7.296,4.348,33.207,35.358,0.939
2024-06-03,2486552205733.0,2371145563855.905,1786714445889.779,1312644346194.5,4.867,39.169,89.431,3.72,7.343,4.419,32.71,36.116,0.906
2024-06-10,2384821830096.0,2373632157717.741,1808075423897.144,1323312778870.136,0.471,31.898,80.216,4.517,7.385,4.485,31.279,36.633,0.854
2024-06-17,2250541940130.0,2351252118156.334,1823877799476.889,1332538939678.692,-4.283,23.393,68.891,3.014,6.85,4.338,28.915,36.872,0.784
2024-06-24,2254689046005.0,2333695195947.0,1839263915424.321,1341714562627.213,-3.385,22.586,68.045,0.576,6.013,4.073,26.882,37.083,0.725
2024-07-01,2000434695187.0,2273102377627.0,1845020014701.56,1348268991806.912,-11.995,8.423,48.371,-3.087,4.783,3.646,23.202,36.844,0.63
2024-07-08,2188039579638.0,2257636414356.273,1857270713449.29,1356624918053.988,-3.083,17.809,61.286,-4.787,3.949,3.351,21.557,36.904,0.584
2024-07-15,2428466328707.0,2288696398783.678,1877670556851.351,1367290006717.202,6.107,29.334,77.612,-3.578,3.849,3.323,21.89,37.328,0.586
2024-07-22,2372683821978.0,2303966839364.463,1895349602034.446,1377293925277.011,2.983,25.184,72.271,-2.011,3.919,3.359,21.559,37.614,0.573
2024-07-29,2011870839799.0,2250858475807.106,1899511074811.751,1383608123431.458,-10.618,5.915,45.408,-3.55,3.276,3.122,18.497,37.287,0.496
2024-08-05,2014103757407.0,2207812163370.724,1903603670618.724,1389881711829.225,-8.774,5.805,44.912,-2.872,3.175,3.086,15.981,36.962,0.432
2024-08-12,2026919772703.0,2174922637794.774,1908007817121.734,1396220399002.098,-6.805,6.232,45.172,-3.664,2.732,2.919,13.989,36.655,0.382
2024-08-19,2206925302717.0,2180741304144.27,1918683441607.279,1404287114461.948,1.201,15.023,57.156,-4.717,2.184,2.706,13.658,36.63,0.373
2024-08-26,1968317205506.0,2142118740755.493,1920456076032.233,1409899354173.829,-8.114,2.492,39.607,-7.025,1.325,2.367,11.542,36.212,0.319
2024-09-02,1903706065678.0,2098770981650.494,1919857861376.725,1414812853790.786,-9.294,-0.841,34.555,-6.757,1.071,2.255,9.319,35.697,0.261
2024-09-09,2014112612737.0,2083378550938.95,1923224102496.735,1420776035471.843,-3.325,4.726,41.761,-5.636,1.031,2.223,8.327,35.364,0.235
2024-09-16,2165786419818.0,2098361799826.05,1931887042401.066,1428189074122.054,3.213,12.107,51.646,-3.52,1.252,2.29,8.617,35.268,0.244
2024-09-23,2253619987830.0,2126590561281.314,1943377504737.813,1436402317044.521,5.973,15.964,56.893,-2.483,1.287,2.287,9.428,35.295,0.267
2024-09-30,2137571256024.0,2128587051234.529,1950312995855.177,1443379122407.501,0.422,9.601,48.095,-0.632,1.555,2.375,9.141,35.121,0.26
2024-10-07,2144644757057.0,2131506634111.342,1957253415898.099,1450356889916.451,0.616,9.574,47.87,1.56,1.948,2.512,8.903,34.95,0.255
2024-10-14,2333545315132.0,2168240939751.462,1970692412299.31,1459144834445.959,7.624,18.412,59.926,4.073,2.468,2.701,10.024,35.058,0.286
2024-10-21,2262838818444.0,2185440554059.196,1981126212518.763,1467141789510.616,3.542,14.22,54.235,4.15,2.549,2.727,10.313,35.033,0.294
2024-10-28,2248313889644.0,2196872069620.069,1990668629558.95,1474914646228.361,2.342,12.943,52.437,3.305,2.433,2.681,10.359,34.968,0.296
2024-11-04,2695462406463.0,2287524858136.966,2015839835876.952,1487059400061.542,17.833,33.714,81.261,7.467,3.36,3.026,13.478,35.559,0.379
2024-11-11,2956403864992.0,2409139223019.699,2049431408345.346,1501679742996.173,22.716,44.255,96.873,13.025,4.71,3.539,17.552,36.476,0.481
2024-11-18,3274550283266.0,2566486688519.027,2093185653878.227,1519320245884.43,27.589,56.439,115.527,18.367,6.216,4.124,22.612,37.771,0.599
2024-11-25,3387881757238.0,2715831246467.931,2139424800426.79,1537912897738.694,24.746,58.355,120.291,24.269,7.99,4.824,26.942,39.112,0.689
2024-12-02,3617068383264.0,2879692544067.216,2192197785528.119,1558601012022.528,25.606,64.997,132.071,31.081,10.124,5.674,31.361,40.652,0.771
2024-12-09,3615624526922.0,3013498359131.723,2243034454863.615,1579068907693.17,19.981,61.193,128.972,31.736,11.27,6.187,34.349,42.048,0.817
2024-12-16,3198914806119.0,3047210440402.137,2277173038837.022,1595186777329.248,4.978,40.477,100.535,26.485,11.112,6.227,33.815,42.753,0.791
2024-12-23,3193090330789.0,3073734056836.112,2309884370692.449,1611086315174.618,3.883,38.236,98.195,19.764,10.353,6.04,33.069,43.374,0.762
2024-12-30,3415981892212.0,3135960935995.364,2349387853603.862,1629045475145.14,8.929,45.399,109.692,15.47,9.814,5.926,33.48,44.219,0.757
2025-01-06,3228665000167.0,3152816220390.207,2380790608838.26,1644962087334.412,2.406,35.613,96.276,9.484,8.603,5.541,32.427,44.732,0.725
2025-01-13,3419120580497.0,3201235194955.079,2417873822111.786,1662615405674.338,6.806,41.41,105.647,6.23,7.795,5.291,32.399,45.426,0.713
2025-01-20,3447052227469.0,3245929200866.701,2454630193731.687,1680370995940.952,6.196,40.431,105.136,6.521,7.793,5.34,32.237,46.077,0.7
2025-01-27,3185765756659.0,3234990392828.937,2480742178121.948,1695350048286.405,-1.522,28.42,87.912,5.246,7.397,5.23,30.404,46.326,0.656
2025-02-03,3101246990734.0,3210673410629.857,2502903064286.664,1709339072589.366,-3.408,23.906,81.43,2.382,6.534,4.929,28.278,46.425,0.609
2025-02-10,3138694048085.0,3197586253803.52,2525609885136.605,1723561510156.487,-1.842,24.275,82.105,1.42,6.083,4.778,26.606,46.534,0.572
2025-02-17,3136508226527.0,3186481157935.062,2547427683043.404,1737620681463.656,-1.568,23.125,80.506,-0.461,5.358,4.511,25.086,46.604,0.538
2025-02-24,3093556590311.0,3169585782003.414,2566932286874.39,1751112581054.177,-2.399,20.516,76.662,-2.352,4.575,4.21,23.478,46.589,0.504
2025-03-03,2612024180359.0,3068210945340.794,2568542711641.697,1759678865624.374,-14.868,1.693,48.438,-5.155,3.539,3.794,19.453,45.967,0.423
2025-03-10,2652716719832.0,2992666540702.831,2571548926219.922,1768564814422.46,-11.359,3.156,49.993,-6.79,2.743,3.465,16.376,45.403,0.361
2025-03-17,2764552070354.0,2951191182457.589,2578441895653.282,1778475135377.003,-6.324,7.218,55.445,-7.706,2.092,3.186,14.456,44.98,0.321
2025-03-24,2626688058286.0,2892190614426.391,2580164972890.165,1786915064958.187,-9.18,1.803,46.996,-9.236,1.285,2.837,12.093,44.392,0.272
2025-03-31,2456940170684.0,2813054170109.593,2575764087097.088,1793581981433.071,-12.659,-4.613,36.985,-11.249,0.344,2.425,9.212,43.61,0.211
2025-04-07,2615968657035.0,2777220440459.667,2577199964594.871,1801764933429.11,-5.806,1.504,45.189,-9.484,0.337,2.392,7.761,43.038,0.18
2025-04-14,2647839546318.0,2753696641524.818,2579722806799.268,1810183586293.676,-3.844,2.64,46.275,-7.985,0.318,2.353,6.744,42.512,0.159
2025-04-21,2897000108259.0,2779751817294.669,2591054138994.258,1820997681039.599,4.218,11.808,59.089,-5.809,0.489,2.391,7.283,42.288,0.172
2025-04-28,2891079444670.0,2799993204090.184,2601769328482.678,1831645260777.215,3.253,11.12,57.841,-3.188,0.837,2.503,7.619,42.045,0.181
2025-05-05,3275113359817.0,2886378686949.605,2625817329601.761,1846008127434.328,13.468,24.727,77.416,2.607,1.943,2.923,9.923,42.243,0.235
2025-05-12,3313059784318.0,2963957068289.313,2650361702984.483,1860605656358.543,11.778,25.004,78.064,6.724,2.839,3.266,11.832,42.446,0.279
2025-05-19,3374147174064.0,3038537087521.074,2676211184094.466,1875665770962.578,11.045,26.079,79.891,10.344,3.74,3.617,13.539,42.681,0.317
2025-05-26,3257509609196.0,3078350273280.152,2696971842133.807,1889415460895.249,5.82,20.784,72.408,10.742,4.088,3.757,14.141,42.741,0.331
2025-06-02,3256432922585.0,3110728936790.124,2716952595007.064,1903017624693.157,4.684,19.856,71.119,11.098,4.427,3.897,14.493,42.771,0.339
2025-06-09,3245606313434.0,3135252096179.919,2735833084950.883,1916376716123.414,3.52,18.633,69.362,8.622,4.19,3.812,14.6,42.761,0.341
2025-06-16,3055715683798.0,3120790930292.298,2747257463481.137,1927713422269.429,-2.085,11.228,58.515,5.291,3.656,3.607,13.597,42.514,0.32
2025-06-23,3298076160541.0,3153024608519.335,2766929559804.704,1941348872401.485,4.6,19.196,69.886,3.768,3.39,3.502,13.954,42.526,0.328
2025-06-30,3326978538749.0,3184652595833.819,2786931309052.714,1955136232265.639,4.469,19.378,70.166,3.453,3.336,3.478,14.271,42.544,0.335
2025-07-07,3667666877493.0,3272473374317.307,2818386150782.725,1972176338188.3,12.076,30.134,85.971,5.2,3.733,3.634,16.112,42.907,0.375
2025-07-14,3836009550301.0,3374934497223.433,2854729843622.663,1990721942288.923,13.662,34.374,92.694,7.645,4.346,3.879,18.223,43.402,0.42
2025-07-21,3894077902585.0,3469324207289.172,2891849417157.032,2009660807565.501,12.243,34.657,93.768,11.168,5.263,4.251,19.969,43.897,0.455
2025-07-28,3655177894594.0,3503115786799.141,2919111148494.067,2026034111914.044,4.341,25.215,80.41,11.103,5.5,4.362,20.006,44.08,0.454
2025-08-04,3926447486247.0,3580085186698.752,2955087446270.958,2044943697728.302,9.675,32.871,92.008,12.417,6.034,4.593,21.15,44.507,0.475
2025-08-11,3936625545757.0,3644910706527.524,2990142378395.459,2063766402683.811,8.003,31.653,90.75,11.381,6.094,4.644,21.898,44.888,0.488
2025-08-18,3899008501973.0,3691110305699.429,3022601882808.942,2082027518099.624,5.632,28.995,87.27,9.368,5.88,4.587,22.117,45.176,0.49
2025-08-25,3710778154532.0,3694686278214.442,3047179606799.052,2098233992093.976,0.436,21.777,76.852,6.496,5.371,4.407,21.249,45.226,0.47
2025-09-01,3787675896927.0,3711593481616.725,3073625902875.05,2115044359306.245,2.05,23.232,79.083,5.951,5.293,4.393,20.756,45.322,0.458
2025-09-08,3976271429129.0,3759716744800.775,3105863243098.405,2133564031642.79,5.76,28.025,86.368,5.018,5.102,4.334,21.052,45.572,0.462
2025-09-15,3962438357994.0,3796575219926.816,3136455211487.534,2151761786133.847,4.369,26.335,84.149,4.161,4.893,4.264,21.047,45.762,0.46
2025-09-22,3819913979623.0,3800818630780.668,3160864453206.658,2168360315422.296,0.502,20.85,76.166,2.972,4.574,4.147,20.246,45.772,0.442
2025-09-29,4150345892729.0,3864369042044.001,3196203076046.741,2188081564947.736,7.4,29.852,89.68,4.593,4.891,4.282,20.905,46.073,0.454
2025-10-06,3856186321702.0,3862881274709.091,3219773906248.715,2204679622228.873,-0.173,19.766,74.909,4.076,4.755,4.238,19.974,46.043,0.434
2025-10-13,3637499674226.0,3821902801893.984,3234692683676.475,2218936538169.143,-4.825,12.453,63.93,1.654,4.148,4.001,18.154,45.777,0.397
2025-10-20,3830263088782.0,3823422854055.441,3255963055287.387,2234969638175.241,0.179,17.638,71.379,0.707,3.81,3.867,17.428,45.683,0.382
2025-10-27,3680154815560.0,3797374119783.543,3271112761011.409,2249349590189.02,-3.087,12.505,63.61,-0.091,3.488,3.735,16.088,45.425,0.354
2025-11-03,3486676494266.0,3740883642416.717,3278811465770.502,2261661300677.348,-6.795,6.34,54.164,-3.195,2.585,3.363,14.093,44.974,0.313
2025-11-10,3159007595369.0,3635087997498.95,3274532756113.305,2270590119530.001,-13.097,-3.528,39.127,-5.897,1.701,2.99,11.011,44.215,0.249
2025-11-17,2922604635582.0,3505545568059.505,3261963894665.759,2277077826157.384,-16.629,-10.404,28.349,-8.277,0.843,2.62,7.467,43.252,0.173
2025-11-24,3036762165713.0,3420312222178.322,3253920975774.589,2284636874312.167,-11.214,-6.674,32.921,-10.543,-0.063,2.222,5.114,42.426,0.121
2025-12-01,3036152246146.0,3350464953808.809,3246143521144.997,2292114639206.036,-9.381,-6.469,32.461,-11.769,-0.763,1.901,3.214,41.622,0.077
2025-12-08,2980328833168.0,3283167477328.662,3236650139431.532,2298962541633.518,-9.224,-7.919,29.638,-12.236,-1.286,1.649,1.437,40.787,0.035
2025-12-15,2968213641015.0,3225903143453.451,3227063121630.942,2305621756552.737,-7.988,-8.021,28.738,-11.257,-1.45,1.543,-0.036,39.965,-0.001
2025-12-22,2947465948271.0,3175278198874.823,3217077508296.658,2312008265923.068,-7.175,-8.381,27.485,-9.421,-1.376,1.534,-1.299,39.146,-0.033
2025-12-29,3089537991094.0,3159689070187.401,3212522525539.42,2319744880103.873,-2.22,-3.828,33.184,-7.62,-1.272,1.537,-1.645,38.486,-0.043
2026-01-05,3071019140542.0,3143567264797.328,3207468833218.084,2327220245879.377,-2.308,-4.254,31.961,-6.175,-1.191,1.532,-1.992,37.824,-0.053
2026-01-12,3139702075835.0,3142864503167.814,3205048591882.974,2335304642197.343,-0.101,-2.039,34.445,-4.273,-0.976,1.581,-1.94,37.243,-0.052
2026-01-19,2888263371907.0,3096573388393.121,3193734834026.689,2340806719109.877,-6.727,-9.565,23.388,-4.009,-1.033,1.526,-3.042,36.437,-0.083
2026-01-26,2562820587089.0,2999527424519.644,3171202182350.343,2343015812323.6,-14.559,-19.185,9.381,-5.535,-1.426,1.341,-5.414,35.347,-0.153
2026-02-02,2367738770103.0,2884656760080.254,3142507060484.366,2343261811903.494,-17.92,-24.654,1.045,-8.704,-2.179,1.014,-8.205,34.108,-0.241
2026-02-09,2327245155053.0,2783309195529.845,3113390563861.817,2343102442183.589,-16.386,-25.25,-0.677,-11.46,-2.933,0.682,-10.602,32.875,-0.322
2026-02-16,2291055467820.0,2693808517764.419,3084021453288.896,2342584561841.663,-14.951,-25.712,-2.2,-14.288,-3.776,0.312,-12.653,31.65,-0.4
2026-02-23,2248110991597.0,2612772603915.797,3054167508228.471,2341644526316.84,-13.957,-26.392,-3.994,-15.624,-4.37,0.036,-14.452,30.428,-0.475
2026-03-02,2249292710045.0,2546685350484.743,3025421979721.918,2340725602771.846,-11.678,-25.654,-3.906,-15.097,-4.597,-0.098,-15.824,29.251,-0.541
2026-03-09,2452673824103.0,2529592345688.062,3004966688449.814,2341839515421.907,-3.041,-18.379,4.733,-12.309,-4.377,-0.061,-15.82,28.317,-0.559
2026-03-16,2316932260244.0,2490926875607.323,2980394030299.606,2341591682037.052,-6.985,-22.261,-1.053,-10.505,-4.272,-0.064,-16.423,27.281,-0.602
2026-03-23,2259865809682.0,2448915772711.81,2954660879563.263,2340778489277.3,-7.72,-23.515,-3.457,-9.091,-4.195,-0.077,-17.117,26.226,-0.653
2026-03-30,2291644295868.0,2420320958740.208,2930981715859.861,2340289591830.441,-5.317,-21.813,-2.079,-7.366,-4.033,-0.058,-17.423,25.24,-0.69
