start_idx,duration,arrival_velocity,arrival_accel,h_during,energy_slope,outcome,impact_type,dynamics_type
26,4,-0.17038787878787873,0.035500000000000004,0.5,0.0,0.422,VIOLENTO,TRANSITORIO
31,3,-0.19894545454545454,0.08062499999999997,0.5,0.0,-0.487,VIOLENTO,TRANSITORIO
78,4,-0.42094545454545457,-0.0021249999999999603,0.5,0.0,0.026,VIOLENTO,TRANSITORIO
100,3,-0.3029515151515152,0.026374999999999926,0.5,0.0,1.254,VIOLENTO,TRANSITORIO
129,5,-0.16783636363636348,0.25137499999999996,0.5,0.0,2.174,VIOLENTO,TRANSITORIO
151,4,-0.012321212121212096,-0.07787499999999997,0.5,0.0,0.147,LENTO,TRANSITORIO
157,10,-0.3387636363636364,0.25625,0.5,-0.002404521256645863,2.109,VIOLENTO,TRANSITORIO
205,3,0.10713333333333339,-0.44425000000000003,0.5,0.0,1.11,LENTO,TRANSITORIO
209,4,-0.40763030303030284,-0.15037499999999998,0.5,0.0,0.457,VIOLENTO,TRANSITORIO
232,3,0.21575757575757587,-0.17024999999999996,0.5,0.0,-1.442,VIOLENTO,TRANSITORIO
238,3,-0.6785393939393938,-0.52325,0.5,0.0,-0.453,VIOLENTO,TRANSITORIO
246,5,-0.04735151515151506,0.023875000000000035,0.5,0.0,0.923,LENTO,TRANSITORIO
262,5,0.388290909090909,0.081375,0.5,0.0,1.863,VIOLENTO,TRANSITORIO
286,8,-0.0032424242424241257,-0.08499999999999988,0.5,0.02085421885661805,-0.575,LENTO,TRANSITORIO
314,3,-0.10794545454545443,-0.24062499999999998,0.5,0.0,-0.725,LENTO,TRANSITORIO
349,6,-0.0820484848484847,-0.36800000000000005,0.5,-0.05865443674752507,-0.745,LENTO,TRANSITORIO
378,3,0.15784848484848482,-0.07962499999999997,0.5,0.0,-3.603,VIOLENTO,TRANSITORIO
409,3,-0.297090909090909,0.331375,0.5,0.0,0.746,VIOLENTO,TRANSITORIO
418,6,0.22813333333333333,-0.18612499999999993,0.5,0.050979687956711775,-0.093,VIOLENTO,TRANSITORIO
438,4,0.27404848484848476,-0.06999999999999998,0.5,0.0,-3.966,VIOLENTO,TRANSITORIO
456,4,-0.45761212121212125,0.07550000000000007,0.5,0.0,1.53,VIOLENTO,TRANSITORIO
461,4,0.39670909090909084,-0.18137500000000004,0.5,0.0,1.186,VIOLENTO,TRANSITORIO
477,4,-0.21946060606060602,0.24187500000000003,0.5,0.0,-0.646,VIOLENTO,TRANSITORIO
506,3,0.887133333333333,0.57025,0.5,0.0,0.72,VIOLENTO,TRANSITORIO
510,3,0.2795151515151515,-0.168375,0.5,0.0,-2.076,VIOLENTO,TRANSITORIO
518,4,0.531339393939394,0.10299999999999992,0.5,0.0,-2.974,VIOLENTO,TRANSITORIO
523,3,-0.48672121212121194,-0.316,0.5,0.0,-1.178,VIOLENTO,TRANSITORIO
538,3,0.1595818181818181,-0.07937499999999997,0.5,0.0,-0.811,VIOLENTO,TRANSITORIO
582,4,-0.05933333333333334,0.07962500000000003,0.5,0.0,-1.283,LENTO,TRANSITORIO
607,4,-0.054539393939393783,-0.291875,0.5,0.0,1.415,LENTO,TRANSITORIO
622,6,-0.02352121212121204,-0.19912500000000002,0.5,-0.07019050133481296,1.457,LENTO,TRANSITORIO
654,6,0.15682424242424245,0.10462500000000002,0.5,0.02207972058762778,1.112,LENTO,TRANSITORIO
664,5,-0.1499212121212121,0.2538750000000001,0.5,0.0,0.462,LENTO,TRANSITORIO
670,4,0.11812727272727265,0.09187500000000004,0.5,0.0,-0.361,LENTO,TRANSITORIO
711,5,0.1916000000000001,-0.375,0.5,0.0,0.831,VIOLENTO,TRANSITORIO
717,3,0.21787272727272722,0.24912500000000007,0.5,0.0,1.339,VIOLENTO,TRANSITORIO
746,5,-0.1871878787878788,0.27775000000000005,0.5,0.0,-0.787,VIOLENTO,TRANSITORIO
753,5,0.17345454545454542,0.15200000000000002,0.5,0.0,-0.86,VIOLENTO,TRANSITORIO
774,3,0.025581818181818195,-0.09875000000000002,0.5,0.0,-4.188,LENTO,TRANSITORIO
856,3,0.038884848484848536,-0.06312500000000001,0.5,0.0,0.193,LENTO,TRANSITORIO
882,3,-0.626981818181818,-0.0621249999999999,0.5,0.0,0.995,VIOLENTO,TRANSITORIO
898,4,-0.3461393939393938,0.03662499999999996,0.5,0.0,-1.161,VIOLENTO,TRANSITORIO
923,3,0.09029090909090905,0.2375,0.5,0.0,2.178,LENTO,TRANSITORIO
945,3,-0.2725696969696969,0.07687499999999997,0.5,0.0,-2.233,VIOLENTO,TRANSITORIO
1001,7,0.15961212121212132,-0.431625,0.5,0.003931643768701546,7.9,VIOLENTO,TRANSITORIO
1028,5,-0.5359454545454543,0.030250000000000027,0.5,0.0,-4.265,VIOLENTO,TRANSITORIO
1063,3,0.32443636363636363,0.21799999999999986,0.5,0.0,-2.424,VIOLENTO,TRANSITORIO
1079,3,-0.7501272727272729,0.041624999999999995,0.5,0.0,-0.027,VIOLENTO,TRANSITORIO
1083,9,0.2816363636363636,-0.08387500000000006,0.5,-0.02007716874061506,1.826,VIOLENTO,TRANSITORIO
1120,3,-0.27704848484848477,0.03599999999999999,0.5,0.0,0.526,VIOLENTO,TRANSITORIO
1140,3,-0.2624666666666667,0.08387499999999998,0.5,0.0,-0.088,VIOLENTO,TRANSITORIO
1150,3,0.19568484848484846,0.004750000000000018,0.5,0.0,1.423,VIOLENTO,TRANSITORIO
1191,10,-0.25858787878787887,0.05100000000000002,0.5,-0.010299073384518064,0.942,VIOLENTO,TRANSITORIO
1212,3,0.5033999999999997,-0.06624999999999998,0.5,0.0,-0.118,VIOLENTO,TRANSITORIO
1216,9,-0.04430303030303017,-0.42587500000000006,0.5,-0.014643886076943438,-1.581,LENTO,TRANSITORIO
1257,5,-0.0542000000000001,0.1955,0.5,0.0,-1.552,LENTO,TRANSITORIO
1275,3,0.07843030303030282,0.09049999999999991,0.5,0.0,-1.166,LENTO,TRANSITORIO
1288,9,-0.2883878787878786,-0.30587499999999995,0.5,-0.012527393528249949,-0.855,VIOLENTO,TRANSITORIO
1298,7,0.01158181818181819,-0.11062499999999997,0.5,0.018493524185213616,0.898,LENTO,TRANSITORIO
1321,3,-0.001945454545454605,0.23950000000000005,0.5,0.0,-3.233,LENTO,TRANSITORIO
1342,5,0.20292727272727268,0.19387500000000005,0.5,0.0,1.119,VIOLENTO,TRANSITORIO
1361,7,-0.522363636363636,-0.2155,0.5,0.05627608707676164,-1.113,VIOLENTO,TRANSITORIO
1371,3,0.15146666666666664,0.15975000000000006,0.5,0.0,-2.315,LENTO,TRANSITORIO
1394,5,0.21224848484848483,0.03612500000000002,0.5,0.0,1.669,VIOLENTO,TRANSITORIO
1422,3,0.3763272727272727,-0.10700000000000001,0.5,0.0,-3.202,VIOLENTO,TRANSITORIO
1482,3,-0.15881212121212118,-0.26412499999999994,0.5,0.0,0.183,VIOLENTO,TRANSITORIO
1505,7,-0.47069696969696967,0.25962499999999994,0.5,-0.09718834767624346,-2.216,VIOLENTO,TRANSITORIO
1525,3,-0.39850303030303036,0.061749999999999916,0.5,0.0,-0.41,VIOLENTO,TRANSITORIO
1531,3,0.24584848484848487,-0.21912500000000007,0.5,0.0,-1.051,VIOLENTO,TRANSITORIO
1549,5,0.07078787878787872,0.030999999999999986,0.5,0.0,4.482,LENTO,TRANSITORIO
1578,6,-0.5569272727272727,0.11774999999999991,0.5,-0.08814059288727073,0.151,VIOLENTO,TRANSITORIO
1589,8,-0.16293939393939388,-0.06875000000000009,0.5,-0.03989046693204717,-3.676,VIOLENTO,TRANSITORIO
1613,9,-0.14924848484848485,-0.32725000000000004,0.5,0.007413950209987335,-0.835,LENTO,TRANSITORIO
1623,4,-0.05415151515151516,-0.034125000000000016,0.5,0.0,-4.101,LENTO,TRANSITORIO
1688,3,0.7881696969696972,-0.1963749999999999,0.5,0.0,-1.366,VIOLENTO,TRANSITORIO
1726,3,-0.09833939393939395,0.09050000000000002,0.5,0.0,-1.655,LENTO,TRANSITORIO
1759,5,-0.1687757575757576,0.201875,0.5,0.0,3.135,VIOLENTO,TRANSITORIO
1797,7,0.03704848484848497,-0.146125,0.5,-0.035017364769666263,-1.708,LENTO,TRANSITORIO
1839,4,0.19267272727272727,0.29112499999999997,0.5,0.0,0.885,VIOLENTO,TRANSITORIO
1858,3,0.30351515151515135,0.5627500000000001,0.5,0.0,-1.734,VIOLENTO,TRANSITORIO
1874,4,-0.6895515151515149,0.16075,0.5,0.0,-0.595,VIOLENTO,TRANSITORIO
1923,3,-0.28171515151515136,-0.11224999999999999,0.5,0.0,-1.774,VIOLENTO,TRANSITORIO
1928,7,-0.14493333333333336,0.2835,0.5,-0.1063892780019812,-1.14,LENTO,TRANSITORIO
1966,5,0.201030303030303,0.13974999999999999,0.5,0.0,3.177,VIOLENTO,TRANSITORIO
1972,6,-0.09864242424242425,0.11362499999999999,0.5,0.020875939825912213,-1.924,LENTO,TRANSITORIO
2000,4,0.43589090909090905,-0.23725000000000002,0.5,0.0,0.308,VIOLENTO,TRANSITORIO
2056,7,0.5063878787878787,0.011874999999999941,0.5,-0.07666398073349402,0.623,VIOLENTO,TRANSITORIO
2067,3,-0.1025515151515151,-0.311875,0.5,0.0,-0.424,LENTO,TRANSITORIO
2083,4,0.08186060606060602,0.10337499999999997,0.5,0.0,-2.122,LENTO,TRANSITORIO
2119,4,-0.05346060606060609,0.04525000000000001,0.5,0.0,-0.847,LENTO,TRANSITORIO
2142,3,0.013745454545454562,-0.103375,0.5,0.0,0.409,LENTO,TRANSITORIO
2164,6,0.1272424242424241,0.23312500000000008,0.5,0.03301726298469787,1.402,LENTO,TRANSITORIO
2217,5,0.061157575757575675,0.011500000000000038,0.5,0.0,-4.848,LENTO,TRANSITORIO
2224,3,0.19664242424242417,0.13687499999999997,0.5,0.0,0.118,VIOLENTO,TRANSITORIO
2236,4,0.11543636363636355,0.03700000000000002,0.5,0.0,-0.018,LENTO,TRANSITORIO
2244,3,-0.26034545454545455,-0.008874999999999994,0.5,0.0,-1.335,VIOLENTO,TRANSITORIO
2260,5,-0.19568484848484843,0.44175,0.5,0.0,-0.344,VIOLENTO,TRANSITORIO
2266,4,0.131739393939394,-0.050624999999999976,0.5,0.0,3.962,LENTO,TRANSITORIO
2289,10,-0.31125454545454556,0.06937499999999999,0.5,-0.03384024228103674,-0.223,VIOLENTO,TRANSITORIO
2300,3,0.04241212121212116,0.26475000000000004,0.5,0.0,-0.097,LENTO,TRANSITORIO
2328,3,0.030793939393939422,-0.027874999999999983,0.5,0.0,-0.145,LENTO,TRANSITORIO
2352,5,0.11952121212121211,-0.040374999999999994,0.5,0.0,-0.913,LENTO,TRANSITORIO
2369,5,0.05398787878787874,0.01849999999999999,0.5,0.0,-0.092,LENTO,TRANSITORIO
2386,4,-0.03449696969696958,-0.12012499999999998,0.5,0.0,0.381,LENTO,TRANSITORIO
2392,4,-0.09552121212121217,0.14525000000000005,0.5,0.0,1.039,LENTO,TRANSITORIO
2397,3,0.11794545454545452,0.10550000000000001,0.5,0.0,-0.378,LENTO,TRANSITORIO
2417,3,-0.008963636363636358,0.046750000000000014,0.5,0.0,0.135,LENTO,TRANSITORIO
2427,4,0.02864848484848483,-0.037125000000000005,0.5,0.0,0.413,LENTO,TRANSITORIO
2432,6,0.0970909090909091,0.028375000000000025,0.5,0.0006093860822127636,-0.11,LENTO,TRANSITORIO
2443,6,0.0637151515151515,0.05999999999999997,0.5,-0.00262869254819273,1.589,LENTO,TRANSITORIO
2460,3,-0.17282424242424246,0.126125,0.5,0.0,0.58,VIOLENTO,TRANSITORIO
2478,4,-0.06121212121212119,0.06074999999999997,0.5,0.0,-0.411,LENTO,TRANSITORIO
2487,4,-0.11686666666666665,0.06049999999999997,0.5,0.0,-0.276,LENTO,TRANSITORIO
2518,5,-0.09565454545454538,-0.15925,0.5,0.0,-3.443,LENTO,TRANSITORIO
2545,6,-0.0400787878787879,-0.12249999999999994,0.5,-0.11648428798698296,-0.199,LENTO,TRANSITORIO
2553,9,0.1548242424242425,0.16249999999999987,0.5,-0.059303529160092044,0.228,LENTO,TRANSITORIO
2591,6,0.21862424242424244,-0.02550000000000001,0.5,-0.04611949067051642,-0.247,VIOLENTO,TRANSITORIO
2598,5,-0.09181818181818178,-0.055625,0.5,0.0,-2.924,LENTO,TRANSITORIO
2627,11,-0.016981818181818202,0.11787499999999998,0.5,-0.037778315949175335,0.201,LENTO,TRANSITORIO
2639,3,-0.0029212121212121257,0.058124999999999996,0.5,0.0,-1.186,LENTO,TRANSITORIO
2644,3,-0.041599999999999984,0.0012499999999999942,0.5,0.0,-0.052,LENTO,TRANSITORIO
2659,3,0.232981818181818,0.14525000000000002,0.5,0.0,0.173,VIOLENTO,TRANSITORIO
2671,8,-0.020163636363636384,-0.24500000000000002,0.5,0.007028885658103883,-0.072,LENTO,TRANSITORIO
2680,5,-0.016127272727272764,0.15675,0.5,0.0,1.025,LENTO,TRANSITORIO
2686,3,-0.061309090909090896,0.0016249999999999945,0.5,0.0,-0.303,LENTO,TRANSITORIO
2709,5,-0.06549696969696968,0.003249999999999996,0.5,0.0,0.14,LENTO,TRANSITORIO
2720,5,0.12477575757575758,-0.05612499999999999,0.5,0.0,-1.091,LENTO,TRANSITORIO
2726,7,-0.09104848484848486,0.036250000000000004,0.5,-0.016654738309236503,1.621,LENTO,TRANSITORIO
2750,5,0.10684848484848491,0.10812500000000003,0.5,0.0,-2.29,LENTO,TRANSITORIO
2774,6,0.1867515151515152,-0.09762500000000002,0.5,0.015067580182995468,0.05,VIOLENTO,TRANSITORIO
2793,4,-0.10819393939393933,-0.059750000000000004,0.5,0.0,0.148,LENTO,TRANSITORIO
2802,3,0.0285939393939394,-0.04299999999999998,0.5,0.0,-0.034,LENTO,TRANSITORIO
2806,9,0.05555151515151515,0.07800000000000003,0.5,-0.01195947787732314,0.124,LENTO,TRANSITORIO
2838,5,0.017884848484848472,-0.016124999999999987,0.5,0.0,-0.005,LENTO,TRANSITORIO
2848,5,-0.003878787878787878,0.04175000000000001,0.5,0.0,0.598,LENTO,TRANSITORIO
2878,3,0.05224848484848485,0.028499999999999984,0.5,0.0,0.463,LENTO,TRANSITORIO
2949,5,-0.04028484848484843,0.17750000000000007,0.5,0.0,-0.637,LENTO,TRANSITORIO
2982,10,-0.3216121212121212,-0.4783750000000001,0.5,-0.008544933148774891,-0.677,VIOLENTO,TRANSITORIO
2994,3,0.08449696969696967,-0.02299999999999999,0.5,0.0,0.417,LENTO,TRANSITORIO
3017,5,0.027018181818181816,-0.031500000000000056,0.5,0.0,-0.847,LENTO,TRANSITORIO
3037,7,-0.25282424242424245,0.01187500000000001,0.5,-0.0252508156237022,-0.412,VIOLENTO,TRANSITORIO
3051,5,0.1635090909090909,-0.04525000000000001,0.5,0.0,-0.071,VIOLENTO,TRANSITORIO
3060,7,-0.0887757575757576,0.16099999999999998,0.5,-0.016490842791731183,-0.421,LENTO,TRANSITORIO
3077,3,0.10717575757575745,0.14137499999999997,0.5,0.0,-0.9,LENTO,TRANSITORIO
3105,5,0.18430909090909087,0.018125000000000016,0.5,0.0,0.134,VIOLENTO,TRANSITORIO
3111,3,0.1550363636363636,-0.007375,0.5,0.0,1.2,LENTO,TRANSITORIO
3117,3,-0.13427878787878783,-0.0007499999999999937,0.5,0.0,6.88,LENTO,TRANSITORIO
3136,4,-0.19319393939393908,-0.783125,0.5,0.0,0.279,VIOLENTO,TRANSITORIO
3143,8,-0.10413939393939414,0.17737500000000006,0.5,-0.07633281577375763,0.695,LENTO,TRANSITORIO
3189,5,-0.02593333333333338,-0.02099999999999999,0.5,0.0,-0.645,LENTO,TRANSITORIO
3200,3,0.07008484848484849,0.077875,0.5,0.0,-0.585,LENTO,TRANSITORIO
3231,10,0.26209090909090904,-0.07487500000000001,0.5,-0.016824839767407063,-0.614,VIOLENTO,TRANSITORIO
3242,4,0.0394060606060606,0.083,0.5,0.0,-1.67,LENTO,TRANSITORIO
3272,6,0.5349575757575755,-0.058124999999999954,0.5,-0.04780883010888464,4.562,VIOLENTO,TRANSITORIO
3294,10,-0.7101393939393937,0.31437499999999996,0.5,0.027872722098264992,1.633,VIOLENTO,TRANSITORIO
3325,5,0.18002424242424242,-0.16112500000000005,0.5,0.0,-1.759,VIOLENTO,TRANSITORIO
3346,5,0.2773939393939392,-0.22637500000000005,0.5,0.0,0.889,VIOLENTO,TRANSITORIO
3357,3,-0.16218181818181818,-0.07700000000000004,0.5,0.0,-1.153,VIOLENTO,TRANSITORIO
3395,8,0.17855151515151507,0.12662500000000002,0.5,-0.0018979800071237645,-0.606,VIOLENTO,TRANSITORIO
3422,3,0.06044242424242428,-0.28400000000000003,0.5,0.0,-0.268,LENTO,TRANSITORIO
3427,4,-0.19408484848484844,-0.09975,0.5,0.0,-0.222,VIOLENTO,TRANSITORIO
3433,4,-0.005090909090909094,0.02599999999999999,0.5,0.0,0.554,LENTO,TRANSITORIO
3462,6,-0.34231515151515124,-0.09312500000000004,0.5,-0.012607215353783039,0.242,VIOLENTO,TRANSITORIO
3476,14,-0.0065333333333332695,-0.202625,0.5,-0.008422294080540295,0.926,LENTO,PERSISTENTE
3526,3,0.264751515151515,0.049625,0.5,0.0,-0.479,VIOLENTO,TRANSITORIO
3558,13,0.21068484848484856,-0.22912500000000002,0.5,-0.017335985438280157,-1.434,VIOLENTO,PERSISTENTE
3586,3,0.37912727272727265,0.06387499999999999,0.5,0.0,1.037,VIOLENTO,TRANSITORIO
3595,3,0.13079393939393935,0.07725000000000004,0.5,0.0,-1.908,LENTO,TRANSITORIO
3611,4,-0.28711515151515143,-0.049750000000000016,0.5,0.0,-0.777,VIOLENTO,TRANSITORIO
3645,10,-0.10621818181818182,0.09399999999999999,0.5,-0.005115145323862081,-0.163,LENTO,TRANSITORIO
3685,7,-0.2205212121212121,0.05512499999999999,0.5,-0.035310464572242434,-0.072,VIOLENTO,TRANSITORIO
3701,5,-0.14161818181818178,-0.06624999999999998,0.5,0.0,-1.965,LENTO,TRANSITORIO
3722,5,0.04130303030303027,0.0027499999999999886,0.5,0.0,1.487,LENTO,TRANSITORIO
3731,4,0.11704848484848486,-0.103375,0.5,0.0,1.282,LENTO,TRANSITORIO
3751,4,-0.22423636363636362,0.21025,0.5,0.0,-0.6,VIOLENTO,TRANSITORIO
3766,4,0.11631515151515148,0.031250000000000014,0.5,0.0,0.094,LENTO,TRANSITORIO
3772,3,0.16515757575757575,-0.030249999999999985,0.5,0.0,-0.926,VIOLENTO,TRANSITORIO
3776,6,0.012115151515151527,0.04775000000000003,0.5,-0.002826949998209741,-1.844,LENTO,TRANSITORIO
3799,15,0.5281757575757576,-0.040874999999999995,0.5,-0.030847378289106765,-0.449,VIOLENTO,PERSISTENTE
3825,7,0.27461212121212125,0.033125000000000016,0.5,-0.023923585964335133,0.136,VIOLENTO,TRANSITORIO
3836,6,0.045157575757575785,-0.20087499999999997,0.5,0.009466009478610012,0.311,LENTO,TRANSITORIO
3850,3,0.018527272727272625,0.048625,0.5,0.0,0.857,LENTO,TRANSITORIO
3868,4,-0.13989090909090907,-0.06249999999999996,0.5,0.0,4.054,LENTO,TRANSITORIO
3899,5,0.06323636363636365,-0.11174999999999997,0.5,0.0,-0.096,LENTO,TRANSITORIO
3905,5,-0.30205454545454546,0.28075,0.5,0.0,0.131,VIOLENTO,TRANSITORIO
3911,3,-0.0876363636363636,-0.13075000000000003,0.5,0.0,-0.885,LENTO,TRANSITORIO
3939,13,-0.1009575757575757,0.026499999999999968,0.5,-0.010572752819686454,0.052,LENTO,PERSISTENTE
3979,7,-0.12281818181818178,0.05687499999999998,0.5,0.014372606552429308,-0.32,LENTO,TRANSITORIO
3987,6,0.033212121212121234,-0.09,0.5,-0.0016582908162104172,-0.004,LENTO,TRANSITORIO
4031,7,0.05904848484848479,0.36237500000000006,0.5,-0.024784402664147363,-0.364,LENTO,TRANSITORIO
4049,4,0.03205454545454542,0.167875,0.5,0.0,-0.338,LENTO,TRANSITORIO
4063,8,-0.0651090909090909,-0.004375000000000018,0.5,0.007113739993454014,-1.71,LENTO,TRANSITORIO
4072,4,-0.0009878787878787724,-0.048375000000000015,0.5,0.0,-0.771,LENTO,TRANSITORIO
4088,6,0.03990909090909086,-0.01899999999999999,0.5,-0.004383938554232583,-0.422,LENTO,TRANSITORIO
4095,3,0.11040000000000003,0.009500000000000007,0.5,0.0,0.081,LENTO,TRANSITORIO
4109,4,0.07109090909090907,0.058375000000000024,0.5,0.0,0.219,LENTO,TRANSITORIO
4114,4,-0.002987878787878766,-0.0645,0.5,0.0,-0.741,LENTO,TRANSITORIO
4140,8,-0.23066060606060598,-0.17837500000000003,0.5,-0.017758200715338082,0.008,VIOLENTO,TRANSITORIO
4154,5,-0.022248484848484847,-0.01887500000000001,0.5,0.0,0.28,LENTO,TRANSITORIO
4179,20,-0.08316969696969687,-0.212125,0.5,-0.01053140974819683,-0.215,LENTO,PERSISTENTE
4209,3,0.027030303030303036,-0.09312499999999999,0.5,0.0,-1.36,LENTO,TRANSITORIO
4237,18,0.40467272727272713,0.0045000000000000595,0.5,-0.02275502663732108,0.773,VIOLENTO,PERSISTENTE
4275,10,-0.08865454545454547,0.060749999999999985,0.5,0.0032269364507088202,0.094,LENTO,TRANSITORIO
4303,6,0.24253939393939394,-0.05475000000000001,0.5,-0.01260695807066531,-1.048,VIOLENTO,TRANSITORIO
4320,13,0.22607272727272723,0.04162500000000001,0.5,-0.011433115599513249,-0.028,VIOLENTO,PERSISTENTE
4358,10,0.0020909090909090877,0.05025000000000002,0.5,-0.00381067527713932,-1.226,LENTO,TRANSITORIO
4383,3,0.3341696969696968,-0.010000000000000009,0.5,0.0,0.529,VIOLENTO,TRANSITORIO
4403,11,-0.12867878787878784,0.03587499999999998,0.5,-0.0008215160841537184,1.63,LENTO,TRANSITORIO
4418,4,0.19297575757575758,-0.0021250000000000054,0.5,0.0,0.177,VIOLENTO,TRANSITORIO
4426,4,-0.047006060606060614,0.011499999999999969,0.5,0.0,-0.31,LENTO,TRANSITORIO
4431,3,-0.13659999999999997,-0.2465,0.5,0.0,-0.322,LENTO,TRANSITORIO
4439,3,-0.1240181818181818,0.144625,0.5,0.0,-0.113,LENTO,TRANSITORIO
4445,9,0.08839393939393939,-0.045375,0.5,-0.00918103650373592,-0.169,LENTO,TRANSITORIO
4460,5,-0.0942121212121212,0.08862499999999998,0.5,0.0,0.127,LENTO,TRANSITORIO
4466,4,0.08807878787878785,-0.091125,0.5,0.0,1.26,LENTO,TRANSITORIO
4471,4,0.09108484848484845,0.182875,0.5,0.0,0.227,LENTO,TRANSITORIO
4483,7,0.10133939393939397,-0.11000000000000001,0.5,0.01286113538609057,2.736,LENTO,TRANSITORIO
4504,3,-0.05772121212121209,-0.16150000000000003,0.5,0.0,0.269,LENTO,TRANSITORIO
4509,6,-0.3805393939393939,0.10012500000000005,0.5,-0.01576763930801909,0.579,VIOLENTO,TRANSITORIO
4516,4,0.14750303030303025,0.12287500000000001,0.5,0.0,0.324,LENTO,TRANSITORIO
4537,4,-0.06405454545454543,-0.008750000000000015,0.5,0.0,-0.613,LENTO,TRANSITORIO
4574,6,0.048933333333333336,-0.016249999999999994,0.5,0.0030230000190169973,1.678,LENTO,TRANSITORIO
4596,7,-0.25275757575757585,0.035500000000000004,0.5,0.010213936740466554,1.011,VIOLENTO,TRANSITORIO
4644,8,-0.12828484848484842,-0.059250000000000025,0.5,-0.01603562459880188,0.044,LENTO,TRANSITORIO
4653,9,-0.10320606060606065,0.10374999999999998,0.5,-0.021014348972524608,0.185,LENTO,TRANSITORIO
4678,3,-0.030503030303030323,0.02337499999999998,0.5,0.0,-0.576,LENTO,TRANSITORIO
4693,8,-0.4032060606060607,-0.030500000000000027,0.5,-0.049986574553752064,0.655,VIOLENTO,TRANSITORIO
4705,5,0.08944242424242423,-0.034125,0.5,0.0,0.947,LENTO,TRANSITORIO
4711,3,-0.08717575757575757,0.05474999999999999,0.5,0.0,0.145,LENTO,TRANSITORIO
4739,3,-0.0696242424242425,0.15700000000000003,0.5,0.0,-0.164,LENTO,TRANSITORIO
4743,7,-0.09556969696969692,-0.15237500000000004,0.5,0.00047429560402165237,-1.168,LENTO,TRANSITORIO
4774,3,-0.40702424242424234,0.08325000000000005,0.5,0.0,0.017,VIOLENTO,TRANSITORIO
4778,12,-0.2546787878787879,-0.037374999999999936,0.5,-0.0183710079274143,0.093,VIOLENTO,TRANSITORIO
4813,4,0.3983515151515152,-0.26812500000000006,0.5,0.0,0.349,VIOLENTO,TRANSITORIO
4827,4,-0.1263030303030303,-0.013750000000000026,0.5,0.0,-0.194,LENTO,TRANSITORIO
4839,4,-0.12717575757575758,0.100875,0.5,0.0,0.558,LENTO,TRANSITORIO
4849,3,0.16272121212121207,0.008500000000000008,0.5,0.0,0.832,VIOLENTO,TRANSITORIO
4897,7,-0.40295151515151517,-0.002250000000000002,0.5,0.0021265063499206135,0.218,VIOLENTO,TRANSITORIO
4910,8,0.058115151515151536,0.09875,0.5,-0.010891862702738777,-1.333,LENTO,TRANSITORIO
4942,3,0.03507878787878798,-0.298875,0.5,0.0,-0.841,LENTO,TRANSITORIO
4948,6,-0.3042121212121212,0.22525,0.5,0.030698033085463563,-0.618,VIOLENTO,TRANSITORIO
4969,4,0.5038727272727271,-0.023249999999999993,0.5,0.0,0.184,VIOLENTO,TRANSITORIO
4985,4,-0.19735757575757581,0.153875,0.5,0.0,-0.112,VIOLENTO,TRANSITORIO
4990,6,-0.08598181818181819,0.13025000000000003,0.5,-0.03004234619947802,0.448,LENTO,TRANSITORIO
4997,4,0.015103030303030299,0.037125,0.5,0.0,-1.226,LENTO,TRANSITORIO
5035,4,-0.056981818181818175,-0.03962500000000001,0.5,0.0,1.935,LENTO,TRANSITORIO
5043,3,0.12827272727272723,0.027750000000000004,0.5,0.0,0.971,LENTO,TRANSITORIO
5066,7,-0.019690909090909203,0.30725,0.5,-0.12286829263931763,0.326,LENTO,TRANSITORIO
5074,7,-0.021212121212121158,-0.08824999999999997,0.5,-0.02920594923662087,5.064,LENTO,TRANSITORIO
5097,3,0.03664242424242434,-0.18975000000000003,0.5,0.0,-0.232,LENTO,TRANSITORIO
5107,3,0.18341818181818176,0.21025,0.5,0.0,-1.55,VIOLENTO,TRANSITORIO
5123,3,0.34839999999999993,0.148,0.5,0.0,0.118,VIOLENTO,TRANSITORIO
5128,3,0.11560000000000006,-0.39387500000000003,0.5,0.0,-0.201,LENTO,TRANSITORIO
5132,5,0.07135151515151521,-0.21037500000000003,0.5,0.0,-0.312,LENTO,TRANSITORIO
5144,3,-0.13131515151515147,0.003999999999999997,0.5,0.0,0.361,LENTO,TRANSITORIO
5156,14,-0.18678181818181816,-0.21012499999999992,0.5,-0.00977624109455674,-1.952,VIOLENTO,PERSISTENTE
5181,3,-0.09809696969696972,0.062124999999999986,0.5,0.0,-0.043,LENTO,TRANSITORIO
5185,11,0.3748242424242424,-0.12274999999999997,0.5,-0.024290668288673864,1.234,VIOLENTO,TRANSITORIO
5240,9,0.2728303030303031,-0.07425000000000001,0.5,-0.035001000666749646,-0.234,VIOLENTO,TRANSITORIO
5260,3,0.005896969696969687,0.021750000000000005,0.5,0.0,2.295,LENTO,TRANSITORIO
5296,3,-0.04006060606060598,-0.031125,0.5,0.0,0.408,LENTO,TRANSITORIO
5323,6,-0.22825454545454535,0.03724999999999992,0.5,0.019976863269204875,0.454,VIOLENTO,TRANSITORIO
5330,7,-0.16482424242424243,0.00012499999999998623,0.5,0.001459019206982955,0.648,VIOLENTO,TRANSITORIO
5358,3,-0.00448484848484852,0.02412500000000002,0.5,0.0,0.054,LENTO,TRANSITORIO
5369,3,-0.03670303030303033,0.056124999999999994,0.5,0.0,-0.391,LENTO,TRANSITORIO
5403,3,-0.27149090909090895,-0.305375,0.5,0.0,0.181,VIOLENTO,TRANSITORIO
5410,10,-0.2327272727272728,0.12124999999999997,0.5,-0.008662646920722916,0.558,VIOLENTO,TRANSITORIO
5439,4,0.2597333333333332,-0.05887499999999973,0.5,0.0,0.857,VIOLENTO,TRANSITORIO
5445,3,-0.14334545454545472,-0.033499999999999974,0.5,0.0,0.383,LENTO,TRANSITORIO
5493,3,-0.24684242424242428,0.2337499999999999,0.5,0.0,0.903,VIOLENTO,TRANSITORIO
5506,4,0.3932181818181817,-0.10412499999999997,0.5,0.0,-1.758,VIOLENTO,TRANSITORIO
5527,5,0.8434848484848486,-0.12924999999999992,0.5,0.0,-0.912,VIOLENTO,TRANSITORIO
5537,4,-0.2629939393939394,0.22424999999999995,0.5,0.0,1.056,VIOLENTO,TRANSITORIO
5576,7,-0.19649696969696964,-0.30537499999999995,0.5,-0.00900846012477632,-0.998,VIOLENTO,TRANSITORIO
5614,3,0.39506060606060595,-0.043250000000000025,0.5,0.0,1.708,VIOLENTO,TRANSITORIO
5652,4,0.3412787878787878,-0.10599999999999997,0.5,0.0,-0.802,VIOLENTO,TRANSITORIO
5685,3,-0.26160606060606073,0.312125,0.5,0.0,1.167,VIOLENTO,TRANSITORIO
5703,4,0.19139393939393945,-0.3172500000000001,0.5,0.0,1.199,VIOLENTO,TRANSITORIO
5738,5,-0.18978181818181825,0.08412500000000003,0.5,0.0,0.726,VIOLENTO,TRANSITORIO
5754,3,0.18112121212121207,-0.05437499999999999,0.5,0.0,-2.626,VIOLENTO,TRANSITORIO
5806,4,-0.2324060606060605,-0.056499999999999995,0.5,0.0,-1.336,VIOLENTO,TRANSITORIO
5836,7,0.06333939393939386,0.365125,0.5,-0.0017907805913888193,-0.683,LENTO,TRANSITORIO
5864,3,0.2004242424242425,-0.20575000000000002,0.5,0.0,0.337,VIOLENTO,TRANSITORIO
5875,3,0.018642424242424283,-0.017749999999999988,0.5,0.0,0.796,LENTO,TRANSITORIO
5884,3,-0.1523333333333333,0.13924999999999998,0.5,0.0,0.39,LENTO,TRANSITORIO
5893,6,0.477830303030303,-0.09775,0.5,-0.057416216060529705,-1.112,VIOLENTO,TRANSITORIO
5900,5,-0.3215999999999999,0.25025,0.5,0.0,0.413,VIOLENTO,TRANSITORIO
5913,3,0.08017575757575743,0.08037500000000002,0.5,0.0,-0.545,LENTO,TRANSITORIO
5920,5,0.10492727272727279,-0.16737500000000005,0.5,0.0,-0.4,LENTO,TRANSITORIO
5935,4,-0.08047272727272722,0.071125,0.5,0.0,0.778,LENTO,TRANSITORIO
5956,8,-0.14216363636363633,-0.12075000000000004,0.5,-0.029830459203910174,0.179,LENTO,TRANSITORIO
5991,3,-0.1888909090909091,-0.05925000000000001,0.5,0.0,-0.612,VIOLENTO,TRANSITORIO
6006,7,0.16227878787878783,-0.04374999999999999,0.5,-0.012907763645727809,-0.637,VIOLENTO,TRANSITORIO
6042,7,0.017866666666666732,-0.07362499999999994,0.5,0.007646443477170505,-0.954,LENTO,TRANSITORIO
6064,3,-0.08934545454545455,0.20950000000000002,0.5,0.0,-0.888,LENTO,TRANSITORIO
6082,9,-0.11108484848484854,0.22875,0.5,-0.008389324610212483,-0.658,LENTO,TRANSITORIO
6102,8,-0.10878181818181822,0.05737500000000004,0.5,-0.060425618545466984,-0.157,LENTO,TRANSITORIO
6114,4,-0.15538787878787877,0.011750000000000003,0.5,0.0,0.115,LENTO,TRANSITORIO
6125,6,-0.18417575757575758,0.1105,0.5,-0.00020410478360554597,1.012,VIOLENTO,TRANSITORIO
6165,4,0.13895757575757578,-0.012500000000000067,0.5,0.0,-2.672,LENTO,TRANSITORIO
6173,4,0.2839151515151514,-0.06625000000000004,0.5,0.0,1.01,VIOLENTO,TRANSITORIO
6206,3,-0.03606666666666667,0.07224999999999995,0.5,0.0,0.921,LENTO,TRANSITORIO
6234,7,-0.13663030303030296,-0.28862500000000013,0.5,-0.006707499095599726,1.696,LENTO,TRANSITORIO
6263,3,-0.022321212121212127,-0.113375,0.5,0.0,-0.557,LENTO,TRANSITORIO
6296,7,-0.08943030303030305,0.14512499999999998,0.5,-0.011416797317676157,-1.272,LENTO,TRANSITORIO
6352,4,-0.29973333333333335,0.48125,0.5,0.0,1.616,VIOLENTO,TRANSITORIO
6357,5,1.226151515151515,0.0913750000000002,0.5,0.0,2.869,VIOLENTO,TRANSITORIO
6363,4,-0.16729696969696967,-0.072125,0.5,0.0,0.703,VIOLENTO,TRANSITORIO
6379,4,-0.4753939393939393,0.18599999999999994,0.5,0.0,-0.989,VIOLENTO,TRANSITORIO
6413,3,0.027975757575757536,0.16637500000000008,0.5,0.0,0.535,LENTO,TRANSITORIO
6417,4,0.246969696969697,0.1307500000000001,0.5,0.0,-0.81,VIOLENTO,TRANSITORIO
6423,3,0.08144242424242425,0.008499999999999952,0.5,0.0,0.747,LENTO,TRANSITORIO
6442,4,-0.0021818181818181307,-0.12962500000000005,0.5,0.0,0.81,LENTO,TRANSITORIO
6451,4,0.23226666666666665,-0.036125000000000074,0.5,0.0,1.548,VIOLENTO,TRANSITORIO
6470,7,-0.26929696969696965,0.01674999999999996,0.5,-0.00368824680694515,-1.612,VIOLENTO,TRANSITORIO
6501,7,-0.15962424242424236,0.058125000000000066,0.5,0.031130304568838866,0.485,VIOLENTO,TRANSITORIO
6550,3,0.27504848484848454,0.305125,0.5,0.0,1.353,VIOLENTO,TRANSITORIO
6568,4,-0.002084848484848445,-0.11324999999999996,0.5,0.0,0.479,LENTO,TRANSITORIO
6612,3,0.34209090909090906,-0.12775000000000003,0.5,0.0,1.156,VIOLENTO,TRANSITORIO
6628,11,-0.28207272727272714,0.03624999999999995,0.5,0.032400516403328194,0.127,VIOLENTO,TRANSITORIO
6673,7,-0.09687878787878784,-0.016249999999999973,0.5,-0.004193623488886455,-0.213,LENTO,TRANSITORIO
6706,3,0.14286060606060608,-0.20000000000000004,0.5,0.0,-0.04,LENTO,TRANSITORIO
6715,6,0.1006787878787879,-0.041875000000000016,0.5,-0.021470965581201956,-0.323,LENTO,TRANSITORIO
6736,4,-0.14939999999999995,-0.07337499999999997,0.5,0.0,-0.267,LENTO,TRANSITORIO
6760,6,-0.056642424242424175,-0.15637500000000004,0.5,0.053233471194850064,1.25,LENTO,TRANSITORIO
6798,3,0.07452121212121217,-0.12787500000000002,0.5,0.0,-0.376,LENTO,TRANSITORIO
6842,5,-0.09687272727272728,0.05025,0.5,0.0,2.77,LENTO,TRANSITORIO
6880,3,-0.0046727272727274385,0.29537499999999994,0.5,0.0,0.242,LENTO,TRANSITORIO
6890,6,-0.12158787878787874,-0.05825000000000001,0.5,-0.02088011608735056,4.026,LENTO,TRANSITORIO
6921,7,-0.08155151515151503,0.07499999999999998,0.5,-0.0348321081259163,4.142,LENTO,TRANSITORIO
6967,10,0.3547818181818182,-0.16775,0.5,0.0071793381965996345,1.67,VIOLENTO,TRANSITORIO
7007,3,-0.1716545454545454,-0.131,0.5,0.0,0.414,VIOLENTO,TRANSITORIO
7011,3,-0.2550484848484847,-0.014874999999999992,0.5,0.0,-3.329,VIOLENTO,TRANSITORIO
7017,3,-0.16050909090909088,0.103875,0.5,0.0,-1.804,VIOLENTO,TRANSITORIO
7036,6,0.568272727272727,-0.24825000000000003,0.5,-0.03363006515180437,0.072,VIOLENTO,TRANSITORIO
7048,4,0.12969696969696967,0.05049999999999999,0.5,0.0,-0.677,LENTO,TRANSITORIO
7053,3,-0.14029090909090897,-0.129625,0.5,0.0,-0.454,LENTO,TRANSITORIO
7085,3,-0.3337454545454543,-0.030625000000000013,0.5,0.0,0.004,VIOLENTO,TRANSITORIO
7089,12,-0.25427272727272743,0.2587499999999999,0.5,-0.007382380158399888,-0.271,VIOLENTO,TRANSITORIO
7124,6,0.08594545454545459,0.144,0.5,0.016218167239966694,0.323,LENTO,TRANSITORIO
7135,3,0.12526666666666664,-0.014999999999999986,0.5,0.0,2.337,LENTO,TRANSITORIO
7176,5,0.5484424242424243,0.049375,0.5,0.0,-2.17,VIOLENTO,TRANSITORIO
7220,5,0.003799999999999957,0.10712500000000003,0.5,0.0,-1.074,LENTO,TRANSITORIO
7238,5,0.18147272727272726,0.09400000000000003,0.5,0.0,1.024,VIOLENTO,TRANSITORIO
7266,3,-0.13306060606060607,0.08587499999999999,0.5,0.0,0.142,LENTO,TRANSITORIO
7299,10,0.34519999999999995,0.10550000000000007,0.5,-0.007647018331798553,1.23,VIOLENTO,TRANSITORIO
7310,3,0.036230303030303015,0.08325000000000002,0.5,0.0,1.517,LENTO,TRANSITORIO
7366,5,0.08869090909090892,0.24374999999999994,0.5,0.0,1.05,LENTO,TRANSITORIO
7376,3,-0.10510909090909096,0.4295,0.5,0.0,0.2,LENTO,TRANSITORIO
7383,12,0.23875151515151513,0.012374999999999997,0.5,-0.017236627132304724,0.573,VIOLENTO,TRANSITORIO
7404,3,0.2764181818181816,0.24262500000000004,0.5,0.0,1.399,VIOLENTO,TRANSITORIO
7408,4,0.26476363636363637,-0.424375,0.5,0.0,-0.217,VIOLENTO,TRANSITORIO
7419,4,0.1466242424242424,0.006124999999999964,0.5,0.0,-2.499,LENTO,TRANSITORIO
7445,4,0.5931818181818179,-0.044125000000000025,0.5,0.0,0.816,VIOLENTO,TRANSITORIO
7450,5,-0.13607878787878763,-0.5557500000000001,0.5,0.0,0.388,LENTO,TRANSITORIO
7475,3,0.02193333333333326,0.25687499999999996,0.5,0.0,0.892,LENTO,TRANSITORIO
7505,3,-0.04086666666666665,-0.10862499999999999,0.5,0.0,-0.149,LENTO,TRANSITORIO
7514,5,-0.019024242424242416,0.02787500000000001,0.5,0.0,0.009,LENTO,TRANSITORIO
7533,3,-0.01767878787878785,-0.161375,0.5,0.0,1.183,LENTO,TRANSITORIO
7554,6,-0.3048424242424242,0.06287500000000001,0.5,-0.00739449758991359,-3.308,VIOLENTO,TRANSITORIO
7595,4,0.4900787878787878,0.23687499999999995,0.5,0.0,2.657,VIOLENTO,TRANSITORIO
7617,3,-0.38606060606060627,0.720875,0.5,0.0,0.217,VIOLENTO,TRANSITORIO
7627,3,0.1823454545454546,0.023249999999999993,0.5,0.0,-0.865,VIOLENTO,TRANSITORIO
7631,3,-0.4246181818181817,-0.48274999999999996,0.5,0.0,-0.671,VIOLENTO,TRANSITORIO
7641,3,-0.0801030303030303,-0.08737499999999998,0.5,0.0,-3.679,LENTO,TRANSITORIO
7682,4,-0.00027878787878783256,-0.019750000000000018,0.5,0.0,0.337,LENTO,TRANSITORIO
7690,4,-0.20921818181818178,-0.06737499999999999,0.5,0.0,0.28,VIOLENTO,TRANSITORIO
7701,3,-0.18307878787878784,0.1355,0.5,0.0,-0.535,VIOLENTO,TRANSITORIO
7718,10,-0.23307878787878786,-0.00474999999999999,0.5,0.007732417336028159,0.793,VIOLENTO,TRANSITORIO
7751,5,-0.120630303030303,0.07625000000000001,0.5,0.0,-1.975,LENTO,TRANSITORIO
7778,3,0.050557575757575746,0.14837499999999998,0.5,0.0,2.133,LENTO,TRANSITORIO
7803,4,0.20467272727272728,0.173,0.5,0.0,-4.042,VIOLENTO,TRANSITORIO
7808,4,-0.018818181818181765,-0.257625,0.5,0.0,0.185,LENTO,TRANSITORIO
7821,5,-0.19416969696969702,-0.01100000000000001,0.5,0.0,2.058,VIOLENTO,TRANSITORIO
7838,3,0.3471939393939395,-0.866125,0.5,0.0,1.897,VIOLENTO,TRANSITORIO
7853,5,-0.03821212121212119,-0.14712500000000003,0.5,0.0,-0.036,LENTO,TRANSITORIO
7874,3,-0.13610909090909093,0.08087499999999999,0.5,0.0,-0.014,LENTO,TRANSITORIO
7882,6,0.04564848484848485,-0.09925,0.5,-0.01533322469647484,-0.442,LENTO,TRANSITORIO
7918,3,-0.14082424242424232,-0.25375000000000003,0.5,0.0,0.534,LENTO,TRANSITORIO
7929,6,0.1437818181818182,-0.057874999999999996,0.5,-0.09676758458623398,0.984,LENTO,TRANSITORIO
8038,6,0.22507272727272715,0.020375000000000032,0.5,0.01668204528446735,0.579,VIOLENTO,TRANSITORIO
8055,3,0.14403636363636366,-0.11624999999999999,0.5,0.0,2.036,LENTO,TRANSITORIO
8060,3,-0.11622424242424242,0.051125000000000004,0.5,0.0,1.188,LENTO,TRANSITORIO
8075,3,0.005545454545454483,0.19249999999999998,0.5,0.0,2.115,LENTO,TRANSITORIO
8100,3,-0.31385454545454544,-0.07662500000000001,0.5,0.0,0.797,VIOLENTO,TRANSITORIO
8114,5,0.2426424242424242,0.03249999999999997,0.5,0.0,-0.213,VIOLENTO,TRANSITORIO
8143,5,-0.011460606060605989,-0.07387500000000004,0.5,0.0,0.94,LENTO,TRANSITORIO
8163,3,0.11113939393939391,0.077375,0.5,0.0,-2.255,LENTO,TRANSITORIO
8188,3,0.022921212121212148,-0.14337500000000003,0.5,0.0,1.689,LENTO,TRANSITORIO
8193,3,-0.019715151515151467,0.0012500000000000011,0.5,0.0,1.24,LENTO,TRANSITORIO
8229,7,0.07764242424242432,-0.05437499999999998,0.5,-0.000661063192363527,-1.834,LENTO,TRANSITORIO
8253,4,0.020860606060606,0.018500000000000016,0.5,0.0,-0.693,LENTO,TRANSITORIO
8258,3,0.023339393939393938,-0.05149999999999999,0.5,0.0,-1.35,LENTO,TRANSITORIO
8278,4,-0.1592666666666667,0.29800000000000004,0.5,0.0,1.352,VIOLENTO,TRANSITORIO
8301,15,-0.14019393939393934,-0.012124999999999997,0.5,-0.014511761298575227,-0.444,LENTO,PERSISTENTE
8322,3,0.029921212121212137,-0.10599999999999998,0.5,0.0,0.669,LENTO,TRANSITORIO
8344,3,-0.06876363636363629,-0.146125,0.5,0.0,-0.116,LENTO,TRANSITORIO
8349,10,-0.2319575757575757,0.006000000000000005,0.5,-0.017609639211879906,-0.437,VIOLENTO,TRANSITORIO
8395,4,-0.34071515151515136,-0.011000000000000038,0.5,0.0,0.122,VIOLENTO,TRANSITORIO
8407,3,0.2011272727272727,-0.195,0.5,0.0,0.754,VIOLENTO,TRANSITORIO
8415,3,-0.42969696969696974,0.20925,0.5,0.0,0.463,VIOLENTO,TRANSITORIO
8421,6,0.3079878787878788,-0.07387500000000002,0.5,0.03861652789892397,-0.031,VIOLENTO,TRANSITORIO
8434,5,-0.11596969696969689,-0.012500000000000039,0.5,0.0,-0.17,LENTO,TRANSITORIO
8440,3,0.0335151515151515,0.10575,0.5,0.0,-0.473,LENTO,TRANSITORIO
8458,9,0.17630303030303027,0.01599999999999996,0.5,-0.009891788487853471,0.262,VIOLENTO,TRANSITORIO
8481,4,0.2397515151515152,-0.15375000000000003,0.5,0.0,0.25,VIOLENTO,TRANSITORIO
8499,3,-0.057800000000000004,0.04050000000000001,0.5,0.0,-1.496,LENTO,TRANSITORIO
8524,4,0.01612121212121207,0.03437499999999999,0.5,0.0,-0.363,LENTO,TRANSITORIO
8557,5,0.037290909090909104,0.04350000000000001,0.5,0.0,1.043,LENTO,TRANSITORIO
8563,3,-0.07524848484848484,0.11925,0.5,0.0,0.571,LENTO,TRANSITORIO
8603,10,0.09923030303030306,0.008374999999999994,0.5,0.002860823468941756,-0.296,LENTO,TRANSITORIO
8630,4,0.04776969696969697,-0.05874999999999999,0.5,0.0,1.968,LENTO,TRANSITORIO
8646,8,0.2762909090909091,-0.045875,0.5,0.021395376999496177,-1.036,VIOLENTO,TRANSITORIO
8668,3,0.19425454545454537,-0.07200000000000005,0.5,0.0,-0.34,VIOLENTO,TRANSITORIO
8678,3,0.08350303030303029,0.02975,0.5,0.0,-0.332,LENTO,TRANSITORIO
8689,5,-0.07091515151515158,0.12162500000000001,0.5,0.0,0.298,LENTO,TRANSITORIO
8700,4,0.019169696969696955,0.18000000000000002,0.5,0.0,1.177,LENTO,TRANSITORIO
8728,3,0.07283030303030302,0.02150000000000002,0.5,0.0,0.048,LENTO,TRANSITORIO
8738,4,0.07604242424242423,0.014750000000000006,0.5,0.0,-0.126,LENTO,TRANSITORIO
8776,3,-0.06544242424242419,-0.003375000000000003,0.5,0.0,-0.037,LENTO,TRANSITORIO
8786,3,-0.03949090909090908,-0.022499999999999985,0.5,0.0,-0.36,LENTO,TRANSITORIO
8805,3,0.04676969696969694,0.07099999999999998,0.5,0.0,-0.204,LENTO,TRANSITORIO
8813,8,-0.16066666666666665,0.022500000000000006,0.5,0.005776155507941861,-0.931,VIOLENTO,TRANSITORIO
8831,3,-0.1094787878787879,-0.008625000000000008,0.5,0.0,-0.816,LENTO,TRANSITORIO
8853,10,0.011242424242424168,0.055874999999999994,0.5,-0.022212629944917486,1.416,LENTO,TRANSITORIO
8959,3,-0.34681818181818175,0.049250000000000016,0.5,0.0,-2.21,VIOLENTO,TRANSITORIO
8982,7,0.1618060606060606,-0.075375,0.5,0.008312563499641552,-0.652,VIOLENTO,TRANSITORIO
9010,3,-0.22713939393939386,-0.475625,0.5,0.0,0.535,VIOLENTO,TRANSITORIO
9039,5,-0.013999999999999891,-0.15387499999999998,0.5,0.0,-0.439,LENTO,TRANSITORIO
9061,10,0.18777575757575762,-0.01812500000000003,0.5,-0.019549606830773135,-1.098,VIOLENTO,TRANSITORIO
9073,3,0.052375757575757576,-0.047375,0.5,0.0,-2.731,LENTO,TRANSITORIO
9091,6,-0.04139999999999996,-0.04025000000000001,0.5,-0.01798212625658485,0.217,LENTO,TRANSITORIO
9106,3,0.17848484848484836,0.08012499999999995,0.5,0.0,2.251,VIOLENTO,TRANSITORIO
9160,3,-0.03930909090909088,-0.02812500000000001,0.5,0.0,-0.862,LENTO,TRANSITORIO
9169,3,-0.2710969696969696,0.012250000000000039,0.5,0.0,-1.684,VIOLENTO,TRANSITORIO
9193,3,0.4465818181818181,-0.021749999999999936,0.5,0.0,0.126,VIOLENTO,TRANSITORIO
9203,3,0.21621212121212127,-0.0008750000000000147,0.5,0.0,0.701,VIOLENTO,TRANSITORIO
9209,6,-0.0485575757575757,-0.07975,0.5,-0.012647923492261305,1.511,LENTO,TRANSITORIO
9230,11,-0.19670909090909094,0.11174999999999996,0.5,-0.02182999509005244,-0.317,VIOLENTO,TRANSITORIO
9250,3,-0.3835939393939395,0.1725,0.5,0.0,1.536,VIOLENTO,TRANSITORIO
9263,7,-0.240012121212121,-0.070375,0.5,-0.0632474829966149,-0.815,VIOLENTO,TRANSITORIO
9290,5,0.11698181818181823,-0.22275,0.5,0.0,-2.026,LENTO,TRANSITORIO
9320,4,-0.15433939393939394,-0.011875000000000004,0.5,0.0,-1.952,LENTO,TRANSITORIO
9328,3,-0.11693333333333333,-0.009250000000000001,0.5,0.0,-0.343,LENTO,TRANSITORIO
9338,6,-0.026012121212121247,0.029750000000000013,0.5,0.007736042772294849,1.293,LENTO,TRANSITORIO
9346,3,-0.12977575757575754,-0.033125,0.5,0.0,0.675,LENTO,TRANSITORIO
9361,5,0.07029090909090917,-0.20224999999999999,0.5,0.0,-0.155,LENTO,TRANSITORIO
9367,3,-0.05613333333333332,0.05437499999999999,0.5,0.0,-0.838,LENTO,TRANSITORIO
9386,5,0.016539393939393937,0.04899999999999999,0.5,0.0,-0.238,LENTO,TRANSITORIO
9400,5,-0.08872121212121206,-0.10824999999999999,0.5,0.0,-0.811,LENTO,TRANSITORIO
9406,5,0.037824242424242364,0.21024999999999996,0.5,0.0,0.153,LENTO,TRANSITORIO
9430,4,-0.12781212121212115,-0.09712499999999993,0.5,0.0,0.188,LENTO,TRANSITORIO
9476,3,-0.06566060606060604,0.07725000000000001,0.5,0.0,-0.119,LENTO,TRANSITORIO
9483,12,0.09217575757575758,-0.09012500000000001,0.5,-0.002391194933355129,0.539,LENTO,TRANSITORIO
9518,5,-0.1643454545454545,0.11274999999999998,0.5,0.0,-0.114,VIOLENTO,TRANSITORIO
9524,9,-0.18529696969696965,-0.13999999999999996,0.5,-0.018522296822047996,-0.667,VIOLENTO,TRANSITORIO
9534,3,-0.0010545454545454387,-0.08399999999999999,0.5,0.0,-1.52,LENTO,TRANSITORIO
9556,3,0.2154363636363636,-0.07900000000000001,0.5,0.0,0.057,VIOLENTO,TRANSITORIO
9560,4,0.12826060606060605,-0.11612500000000005,0.5,0.0,-0.304,LENTO,TRANSITORIO
9565,6,0.025818181818181834,-0.10175000000000003,0.5,-0.03226929270755857,-0.865,LENTO,TRANSITORIO
9587,4,0.25167272727272716,0.2539999999999999,0.5,0.0,-0.896,VIOLENTO,TRANSITORIO
9608,3,-0.19801212121212128,-0.03962500000000002,0.5,0.0,-2.778,VIOLENTO,TRANSITORIO
9626,6,0.3232424242424241,0.15274999999999997,0.5,-0.0024108633598523142,-4.343,VIOLENTO,TRANSITORIO
9653,7,1.5013575757575752,0.170875,0.5,-0.18910646223988653,-0.045,VIOLENTO,TRANSITORIO
9662,4,0.1683454545454544,0.4545,0.5,0.0,-0.731,VIOLENTO,TRANSITORIO
9711,3,-0.22771515151515156,0.21324999999999997,0.5,0.0,-1.314,VIOLENTO,TRANSITORIO
9741,3,0.04080606060606059,0.06125000000000001,0.5,0.0,-1.97,LENTO,TRANSITORIO
9769,5,0.21505454545454555,-0.22362499999999996,0.5,0.0,1.711,VIOLENTO,TRANSITORIO
9786,3,0.47169696969696967,-0.22025000000000006,0.5,0.0,-0.881,VIOLENTO,TRANSITORIO
9790,3,0.06609090909090923,-0.230125,0.5,0.0,-0.185,LENTO,TRANSITORIO
9811,5,0.10998181818181826,0.20249999999999999,0.5,0.0,-1.435,LENTO,TRANSITORIO
9842,5,0.2984060606060606,0.0027500000000000024,0.5,0.0,1.441,VIOLENTO,TRANSITORIO
9849,3,-0.25215151515151524,0.07487499999999997,0.5,0.0,-0.191,VIOLENTO,TRANSITORIO
9860,3,0.20518787878787884,-0.16775,0.5,0.0,0.329,VIOLENTO,TRANSITORIO
9898,3,0.042751515151515096,0.15725000000000003,0.5,0.0,-1.077,LENTO,TRANSITORIO
9902,7,0.2326181818181817,0.02937500000000004,0.5,-0.02584223668523942,1.66,VIOLENTO,TRANSITORIO
9952,4,0.3587878787878788,-0.05899999999999994,0.5,0.0,0.312,VIOLENTO,TRANSITORIO
9983,8,-0.12347272727272732,0.099375,0.5,0.006477315415920477,0.256,LENTO,TRANSITORIO
9992,3,0.08296969696969696,-0.057749999999999996,0.5,0.0,0.256,LENTO,TRANSITORIO
